Symbol,Date,Open,High,Low,Close,Volume
AADR,29-Aug-13,33.23,33.33,33.15,33.25,9100
AAU,29-Aug-13,1.76,1.78,1.71,1.75,72700
ACCU,29-Aug-13,26.17,26.25,26.11,26.17,14300
ACIM,29-Aug-13,55.13,55.2,55.13,55.19,700
ACU,29-Aug-13,14.24,14.24,14.24,14.24,100
ACWV,29-Aug-13,59.95,60.17,59.87,59.96,22800
ACY,29-Aug-13,20.54,20.99,20.5,20.5,2100
ADGE,29-Aug-13,1.58,1.59,1.41,1.46,79100
ADK,29-Aug-13,4.37,4.5,4.2,4.5,8100
ADK-A,29-Aug-13,27.95,27.95,27.1,27.1,900
AE,29-Aug-13,63.53,63.53,62,62.35,8200
AFK,29-Aug-13,28.56,28.79,28.5,28.55,42500
AGA,29-Aug-13,13.78,13.85,13.58,13.79,2400
AGEM,29-Aug-13,20.64,20.64,20.47,20.47,2800
AGF,29-Aug-13,15.33,15.65,15.3,15.32,41600
AGG,29-Aug-13,106.08,106.43,106,106.38,476200
AGLS,29-Aug-13,21.73,21.73,21.68,21.68,500
AGOL,29-Aug-13,137.4,137.4,137.4,137.4,700
AGQ,29-Aug-13,25.07,25.27,24.43,24.69,2938200
AGX,29-Aug-13,17.22,17.97,17.22,17.78,91000
AGZ,29-Aug-13,110.41,110.71,110.2,110.6,16500
AHB,29-Aug-13,10.02,10.02,10.02,10.02,1500
AHY,29-Aug-13,13.59,13.59,13.59,13.59,1000
AIA,29-Aug-13,43.9,44.29,43.9,44.04,18000
AIRI,29-Aug-13,5.97,5.97,5.97,5.97,400
AJB,29-Aug-13,20.52,20.72,20.36,20.36,3600
AKG,29-Aug-13,2.91,3.06,2.82,2.97,60200
ALD,29-Aug-13,47,47.1,46.88,46.92,64500
ALFA,29-Aug-13,32.98,33.38,32.98,33.25,23200
ALN,29-Aug-13,0.76,0.82,0.61,0.79,110500
ALTV,29-Aug-13,7.16,7.34,7.1,7.2,49600
AMCO,29-Aug-13,0.37,0.37,0.33,0.36,72200
AMJ,29-Aug-13,45.12,45.39,45,45.2,289900
AMLP,29-Aug-13,17.5,17.5,17.43,17.46,1883500
AMPE,29-Aug-13,7.19,7.42,7.11,7.2,460100
AMPS,29-Aug-13,47.55,47.75,47.55,47.73,5300
AMU,29-Aug-13,28.03,28.03,27.77,27.83,22500
ANGL,29-Aug-13,26.41,26.42,26.32,26.38,800
ANV,29-Aug-13,4.51,4.79,4.35,4.69,8399200
AOA,29-Aug-13,40.54,40.7,40.53,40.53,13200
AOK,29-Aug-13,30.79,30.88,30.79,30.83,23600
AOM,29-Aug-13,32.51,32.64,32.51,32.55,20700
AOR,29-Aug-13,35.89,35.93,35.82,35.82,32000
API,29-Aug-13,0.65,0.65,0.61,0.61,8300
APP,29-Aug-13,1.5,1.58,1.5,1.54,281100
APT,29-Aug-13,1.6,1.6,1.57,1.58,24100
APTS,29-Aug-13,8.45,8.46,8.27,8.32,25400
AQQ,29-Aug-13,2.17,2.2,2.15,2.16,1800
ARGT,29-Aug-13,18.44,18.69,18.44,18.66,25300
ASEA,29-Aug-13,15.15,15.28,15.11,15.11,34600
ASM,29-Aug-13,1.37,1.38,1.25,1.35,75600
ATL,29-Aug-13,0.39,0.39,0.37,0.39,212900
ATMP,29-Aug-13,25.99,25.99,25.91,25.97,34700
AUD,29-Aug-13,86.48,88.2,86.41,86.43,4200
AUMN,29-Aug-13,1.28,1.32,1.25,1.26,305200
AUNZ,29-Aug-13,19.38,19.48,19.33,19.42,67200
AUSE,29-Aug-13,56.2,56.33,56.08,56.08,1400
AVL,29-Aug-13,0.81,0.81,0.79,0.79,183000
AWX,29-Aug-13,4.89,4.92,4.85,4.92,5100
AXHE,29-Aug-13,73.27,74.57,73.27,74.28,900
AXJL,29-Aug-13,63,63.48,63,63,2400
AXMT,29-Aug-13,45.34,45.34,45.34,45.34,100
AXN,29-Aug-13,0.24,0.24,0.24,0.24,200
AXSL,29-Aug-13,72.3,72.3,71.57,71.75,2300
AXTE,29-Aug-13,54.93,54.93,54.92,54.93,700
AXU,29-Aug-13,2.1,2.38,2.09,2.2,607200
AXX,29-Aug-13,1.29,1.29,1.21,1.26,8500
AYT,29-Aug-13,44.37,44.87,44.37,44.87,500
AZC,29-Aug-13,2.06,2.15,2.05,2.09,34600
AZIA,29-Aug-13,14.64,14.79,14.63,14.79,1300
BAA,29-Aug-13,0.87,0.91,0.83,0.88,674500
BAB,29-Aug-13,27.07,27.24,27.02,27.2,115900
BABS,29-Aug-13,52.82,53.51,52.75,53.51,33900
BABZ,29-Aug-13,49.14,49.49,48.95,49.32,23100
BAL,29-Aug-13,53.67,53.67,53.31,53.35,7600
BARL,29-Aug-13,37.08,37.08,36.85,36.85,800
BBH,29-Aug-13,77.7,78.93,77.7,78.37,71500
BBRC,29-Aug-13,18.73,18.73,18.68,18.68,700
BCM,29-Aug-13,41.93,41.93,41.93,41.93,200
BCV,29-Aug-13,17.51,17.62,17.51,17.53,23200
BDCL,29-Aug-13,26.25,26.87,26.25,26.75,22400
BDCS,29-Aug-13,25.27,25.57,25.27,25.5,9700
BDD,29-Aug-13,8.42,8.42,8.3,8.3,700
BDG,29-Aug-13,14.88,14.88,14.88,14.88,100
BDL,29-Aug-13,9.75,9.8,9.58,9.69,700
BDR,29-Aug-13,0.9,0.9,0.87,0.87,15900
BFOR,29-Aug-13,25.89,26.19,25.89,26.1,31800
BFY,29-Aug-13,12.54,12.6,12.4,12.54,10600
BHB,29-Aug-13,36.74,36.8,36.43,36.79,3100
BHV,29-Aug-13,14.61,14.98,14.61,14.98,5600
BIK,29-Aug-13,21.43,21.62,21.38,21.4,51500
BIL,29-Aug-13,45.8,45.8,45.79,45.8,267800
BIR-A,29-Aug-13,26.58,26.89,26.52,26.89,1900
BIV,29-Aug-13,82.32,82.6,82.21,82.53,323400
BIZD,29-Aug-13,19.9,20.06,19.88,19.97,15800
BJK,29-Aug-13,42.88,43.13,42.8,42.91,4800
BKF,29-Aug-13,34,34.28,33.82,33.87,99000
BKJ,29-Aug-13,14.45,14.45,14.2,14.2,900
BKLN,29-Aug-13,24.69,24.74,24.67,24.72,5219200
BKR,29-Aug-13,40.56,40.65,40.53,40.59,16600
BLE,29-Aug-13,13.24,13.26,13.15,13.2,51300
BLJ,29-Aug-13,13.3,13.62,13.21,13.62,15700
BLV,29-Aug-13,82.26,82.85,82.04,82.62,127000
BMJ,29-Aug-13,1.75,1.75,1.66,1.69,9700
BND,29-Aug-13,80.02,80.31,80.02,80.27,855000
BNO,29-Aug-13,44.82,45.05,44,44.1,55400
BOIL,29-Aug-13,35.61,35.92,33.5,35.35,311700
BOM,29-Aug-13,14.79,14.85,14.78,14.85,6000
BOND,29-Aug-13,104.61,104.94,104.51,104.91,259000
BONE,29-Aug-13,0.59,0.6,0.55,0.57,239100
BONO,29-Aug-13,23.16,23.24,23.06,23.16,14100
BOS,29-Aug-13,17.6,17.75,17.51,17.7,1200
BPS,29-Aug-13,11.46,11.62,11.46,11.62,3100
BQY,29-Aug-13,12.12,12.4,12.12,12.22,14300
BRAF,29-Aug-13,10.09,10.09,10.09,10.09,100
BRAQ,29-Aug-13,15.58,15.58,15.47,15.49,22300
BRAZ,29-Aug-13,12.42,12.42,12.26,12.34,2600
BRD,29-Aug-13,0.56,0.59,0.56,0.58,602500
BRF,29-Aug-13,29.57,29.89,29.45,29.58,31700
BRXX,29-Aug-13,16.48,16.59,16.3,16.43,13400
BRZS,29-Aug-13,71.74,71.74,69.61,69.61,1600
BRZU,29-Aug-13,17.83,18.45,17.44,17.57,11300
BSCD,29-Aug-13,20.71,20.74,20.69,20.7,41500
BSCE,29-Aug-13,21.29,21.3,21.28,21.3,672600
BSCF,29-Aug-13,21.72,21.82,21.72,21.77,573600
BSCG,29-Aug-13,22.04,22.14,22.04,22.13,609400
BSCH,29-Aug-13,22.25,22.38,22.25,22.37,130800
BSCI,29-Aug-13,20.59,20.65,20.54,20.64,109500
BSCJ,29-Aug-13,20.34,20.38,20.3,20.35,33400
BSCK,29-Aug-13,20.27,20.31,20.18,20.25,76500
BSCL,29-Aug-13,19.72,19.73,19.71,19.72,2200
BSCM,29-Aug-13,19.72,19.73,19.7,19.71,2500
BSJD,29-Aug-13,25.54,25.57,25.53,25.53,32100
BSJE,29-Aug-13,26.61,26.63,26.59,26.63,153100
BSJF,29-Aug-13,26.43,26.56,26.43,26.54,187000
BSJG,29-Aug-13,26.42,26.46,26.4,26.45,104400
BSJH,29-Aug-13,26.53,26.54,26.5,26.53,93100
BSJI,29-Aug-13,26.3,26.32,26.25,26.31,66700
BSV,29-Aug-13,79.97,80.05,79.96,80.05,960600
BTAL,29-Aug-13,20.16,20.16,20.08,20.08,400
BTG,29-Aug-13,2.67,2.8,2.61,2.77,3845700
BTI,29-Aug-13,101.33,101.92,101.13,101.85,105000
BTN,29-Aug-13,4.4,4.4,4.2,4.32,32200
BTX,29-Aug-13,3.77,3.87,3.77,3.85,85300
BUNL,29-Aug-13,23.63,23.63,23.52,23.52,40200
BUNT,29-Aug-13,32.19,32.21,32.16,32.16,300
BVX,29-Aug-13,3,3.14,2.93,3.1,23300
BWL.A,29-Aug-13,14,14,13.8,13.87,800
BWV,29-Aug-13,54.9,55.05,54.84,54.84,300
BWX,29-Aug-13,56.82,56.92,56.76,56.86,129100
BWZ,29-Aug-13,35.18,35.26,35.14,35.25,8900
BXDB,29-Aug-13,37.46,37.74,37.38,37.38,3900
BXE,29-Aug-13,6.45,6.56,6.4,6.46,130900
BZC,29-Aug-13,8.85,9.24,8.85,8.85,4100
BZF,29-Aug-13,17.02,17.12,16.53,16.95,7700
BZM,29-Aug-13,12.66,12.82,12.62,12.82,2500
BZQ,29-Aug-13,96.45,97.7,94.1,96.82,5900
CAFE,29-Aug-13,15.92,16.06,15.9,16.02,1900
CAK,29-Aug-13,0.67,0.76,0.65,0.72,95900
CAPE,29-Aug-13,59.5,59.5,59.5,59.5,1800
CAW,29-Aug-13,3.46,3.46,3.45,3.45,2300
CBND,29-Aug-13,30.43,30.76,30.43,30.76,5600
CCA,29-Aug-13,9.72,9.86,9.71,9.86,20400
CCF,29-Aug-13,29.26,30.75,29.05,30.49,22100
CCX,29-Aug-13,19.65,19.75,19.64,19.64,12700
CCXE,29-Aug-13,28.54,28.55,28.45,28.45,2000
CDY,29-Aug-13,0.15,0.17,0.14,0.17,165100
CEF,29-Aug-13,16.24,16.24,16.01,16.2,1338200
CEMB,29-Aug-13,47.13,47.33,47.12,47.28,5900
CEP,29-Aug-13,2.26,2.47,2.16,2.34,166200
CET,29-Aug-13,22.61,22.84,22.6,22.68,52600
CEV,29-Aug-13,11.5,11.57,11.34,11.4,48600
CEW,29-Aug-13,19.51,19.64,19.51,19.59,14600
CFD,29-Aug-13,17.08,17.16,17.08,17.15,15500
CFP,29-Aug-13,5.07,5.08,5.06,5.08,184700
CFT,29-Aug-13,106.09,106.52,106.05,106.49,33000
CGR,29-Aug-13,0.32,0.32,0.29,0.31,627200
CGW,29-Aug-13,24.13,24.28,24.12,24.17,42400
CH,29-Aug-13,13.94,14.06,13.87,13.88,40000
CHEP,29-Aug-13,26.38,26.45,26.37,26.38,20800
CHGS,29-Aug-13,0.15,0.16,0.15,0.15,10100
CHII,29-Aug-13,10.9,10.9,10.9,10.9,3300
CHIQ,29-Aug-13,14.3,14.38,14.21,14.23,83200
CHIX,29-Aug-13,12.3,12.33,12.18,12.22,208500
CHLC,29-Aug-13,25.65,25.85,25.55,25.78,25100
CHOC,29-Aug-13,36.56,36.56,36.36,36.36,2400
CHXX,29-Aug-13,17.39,17.39,17.38,17.39,4000
CIK,29-Aug-13,3.53,3.56,3.53,3.56,119000
CIU,29-Aug-13,107.03,107.33,106.95,107.19,277400
CIX,29-Aug-13,14.71,14.71,14.71,14.71,300
CKX,29-Aug-13,13.91,14.14,13.91,14.05,400
CLM,29-Aug-13,7.23,7.25,7.15,7.15,100600
CLY,29-Aug-13,54.66,55.03,54.56,54.9,20600
CMBS,29-Aug-13,50.94,51.15,50.94,51.15,22700
CMD,29-Aug-13,56,56,56,56,100
CMF,29-Aug-13,105.61,106.44,105.61,106.24,26700
CMFO,29-Aug-13,0.47,0.49,0.47,0.47,24700
CMT,29-Aug-13,9.38,9.38,9.29,9.38,3000
CNDA,29-Aug-13,21.66,21.83,21.66,21.83,6400
CNPF,29-Aug-13,12.72,12.93,12.72,12.89,24700
CNR,29-Aug-13,1.16,1.17,1.16,1.17,3600
CNY,29-Aug-13,42.45,42.45,42.45,42.45,200
COBO,29-Aug-13,100.01,100.25,100.01,100.18,900
COLX,29-Aug-13,18.1,18.3,17.96,18.2,18200
COPX,29-Aug-13,9.29,9.29,9.13,9.14,22700
CORN,29-Aug-13,36.12,36.57,35.16,36.38,50600
CORP,29-Aug-13,101.39,101.83,101.39,101.78,10500
COVR,29-Aug-13,1.23,1.23,1.17,1.23,4500
COW,29-Aug-13,27.03,27.25,27.03,27.22,13800
CPER,29-Aug-13,22.31,22.31,22.29,22.29,400
CPHI,29-Aug-13,0.22,0.23,0.22,0.22,40700
CPI,29-Aug-13,25.85,25.85,25.84,25.84,1000
CQP,29-Aug-13,26.75,26.94,26.7,26.7,57700
CQQQ,29-Aug-13,30.02,30.08,29.87,29.87,23200
CRBQ,29-Aug-13,40.91,41,40.78,40.78,3400
CRF,29-Aug-13,6.57,6.67,6.57,6.65,28300
CRMD,29-Aug-13,1,1.01,0.99,0.99,21300
CROC,29-Aug-13,47.81,48.02,47.81,47.87,2600
CROP,29-Aug-13,26.07,26.12,26.07,26.12,800
CRV,29-Aug-13,3.88,4.24,3.87,4.09,26800
CRVP,29-Aug-13,0.86,0.86,0.86,0.86,200
CSCB,29-Aug-13,21.26,21.26,21.08,21.08,4400
CSCR,29-Aug-13,20.27,20.31,20.08,20.15,9600
CSD,29-Aug-13,38.09,38.59,38.08,38.51,53800
CSJ,29-Aug-13,105.01,105.07,104.97,105.07,558400
CSLS,29-Aug-13,22.8,23.21,22.8,23.14,106000
CSM,29-Aug-13,77.35,78.04,77.35,77.62,71200
CSMA,29-Aug-13,20.88,20.88,20.88,20.88,4000
CSMB,29-Aug-13,20.29,20.29,20.23,20.23,400
CSMN,29-Aug-13,20.4,20.4,20.22,20.23,62000
CTF,29-Aug-13,17.88,18,17.61,17.85,76500
CTNN,29-Aug-13,32.15,32.15,32.09,32.11,700
CTO,29-Aug-13,36.33,36.5,36.16,36.24,4500
CTP,29-Aug-13,5.23,5.4,4.87,4.87,12400
CUO,29-Aug-13,15.41,15.41,15.41,15.41,100
CUPM,29-Aug-13,36.27,36.27,36.18,36.19,1300
CUR,29-Aug-13,1.6,1.72,1.59,1.72,591400
CURE,29-Aug-13,48.74,50.32,48.69,49.51,24600
CUT,29-Aug-13,22.67,22.98,22.67,22.83,9000
CVM,29-Aug-13,0.19,0.2,0.19,0.19,470000
CVOL,29-Aug-13,9.46,9.59,9,9.53,48000
CVR,29-Aug-13,26.96,26.98,26.96,26.98,400
CVU,29-Aug-13,11.47,11.47,11.4,11.4,19100
CVY,29-Aug-13,23.36,23.51,23.36,23.49,241800
CWB,29-Aug-13,44.09,44.18,43.99,44.12,294300
CWI,29-Aug-13,32.35,32.46,32.29,32.32,31000
CXA,29-Aug-13,21.82,21.96,21.78,21.9,92700
CXM,29-Aug-13,0.82,0.82,0.69,0.77,72600
CYB,29-Aug-13,26.25,26.25,26.21,26.23,5400
CZA,29-Aug-13,40.67,40.97,40.67,40.93,6200
DAG,29-Aug-13,9,9.07,8.91,8.91,23700
DBA,29-Aug-13,25.14,25.22,25.13,25.13,470200
DBB,29-Aug-13,16.83,16.84,16.76,16.79,56600
DBBR,29-Aug-13,16.4,16.57,16.4,16.46,2900
DBC,29-Aug-13,26.98,27.02,26.73,26.74,1251700
DBE,29-Aug-13,29.91,29.97,29.5,29.53,148000
DBEF,29-Aug-13,24.72,24.89,24.62,24.74,53000
DBEM,29-Aug-13,20.26,20.43,20.17,20.22,25100
DBGR,29-Aug-13,21.99,22.07,21.95,21.95,17100
DBIZ,29-Aug-13,26.08,26.11,26.01,26.11,2300
DBJP,29-Aug-13,32.91,33.23,32.91,32.97,19200
DBO,29-Aug-13,28.21,28.26,27.75,27.88,97400
DBP,29-Aug-13,46.9,46.99,46.63,46.71,89100
DBS,29-Aug-13,40.77,40.77,40.16,40.34,13100
DBU,29-Aug-13,17.15,17.16,17.03,17.04,48000
DBV,29-Aug-13,24.96,24.96,24.9,24.9,12000
DCNG,29-Aug-13,28.35,28.35,28.35,28.35,100
DDG,29-Aug-13,26.91,27.31,26.91,27.31,900
DDM,29-Aug-13,91.76,92.91,91.5,92,153300
DDP,29-Aug-13,23.45,24.4,23.45,24.4,4100
DEE,29-Aug-13,25.86,26.15,25.61,25.95,19600
DEF,29-Aug-13,32.5,32.6,32.41,32.53,7500
DEFL,29-Aug-13,50.85,50.85,50.75,50.75,200
DEJ,29-Aug-13,0.22,0.22,0.2,0.21,489300
DEM,29-Aug-13,48.27,48.62,48.04,48.1,1297100
DES,29-Aug-13,59.92,60.57,59.92,60.43,68400
DEW,29-Aug-13,43.62,43.83,43.48,43.53,4300
DFE,29-Aug-13,46.91,47.14,46.91,46.97,15300
DFJ,29-Aug-13,47.78,48.1,47.78,47.84,27300
DGAZ,29-Aug-13,13.25,14.65,13.06,13.42,1083100
DGL,29-Aug-13,47.53,47.71,47.38,47.52,23500
DGLD,29-Aug-13,57.3,57.94,56.54,57.45,190800
DGP,29-Aug-13,34.75,34.99,34.46,34.67,320900
DGS,29-Aug-13,43.31,43.69,43.24,43.31,102200
DGSE,29-Aug-13,2.56,2.86,2.56,2.73,14900
DGT,29-Aug-13,61.13,61.52,61.13,61.16,800
DGZ,29-Aug-13,13.56,13.6,13.49,13.55,152700
DHS,29-Aug-13,51.16,51.46,51.13,51.25,30100
DHY,29-Aug-13,3.04,3.05,3.03,3.04,139700
DIA,29-Aug-13,148.02,148.98,147.82,148.25,4696200
DIG,29-Aug-13,59.16,59.16,57.84,58.08,92600
DIM,29-Aug-13,52.84,52.92,52.62,52.72,13100
DIV,29-Aug-13,24.37,24.55,24.37,24.54,6400
DJCI,29-Aug-13,24.59,24.59,24.36,24.51,8000
DJP,29-Aug-13,38.76,38.86,38.62,38.65,155400
DLA,29-Aug-13,16.19,16.96,16.15,16.55,86800
DLBS,29-Aug-13,36.06,36.06,35.36,35.48,44400
DLN,29-Aug-13,60.08,60.49,60.08,60.18,112600
DLS,29-Aug-13,56.11,56.29,55.92,55.94,25700
DMF,29-Aug-13,8.2,8.27,8.14,8.27,46900
DNL,29-Aug-13,46.53,46.65,46.48,46.52,4100
DNN,29-Aug-13,1.17,1.17,1.15,1.15,846600
DNO,29-Aug-13,31.3,31.71,31.08,31.71,25500
DOD,29-Aug-13,12.35,12.41,12.27,12.33,10800
DOG,29-Aug-13,29.56,29.6,29.38,29.54,333400
DOIL,29-Aug-13,26.15,26.15,26.15,26.15,1000
DOL,29-Aug-13,46.56,46.82,46.56,46.65,42000
DON,29-Aug-13,67.23,67.72,67.12,67.36,54900
DOO,29-Aug-13,42.39,42.6,42.38,42.48,32700
DPK,29-Aug-13,49.5,49.5,48.95,49.35,2100
DPU,29-Aug-13,15.05,15.7,15,15,73300
DRGS,29-Aug-13,35.2,35.2,35.2,35.2,100
DRN,29-Aug-13,36.64,37.05,36.14,37.01,209600
DRR,29-Aug-13,41.83,42.16,41.83,41.94,1900
DRV,29-Aug-13,73.24,74.2,72.34,72.38,34200
DRW,29-Aug-13,26.39,26.63,26.39,26.55,14900
DSI,29-Aug-13,60.97,61.58,60.97,61.33,6000
DSLV,29-Aug-13,35.94,37.33,35.64,36.86,344100
DSS,29-Aug-13,1.38,1.41,1.38,1.41,158000
DSUM,29-Aug-13,24.95,24.95,24.81,24.89,11900
DSXJ,29-Aug-13,42.61,42.61,42.61,42.61,200
DTD,29-Aug-13,60.5,60.96,60.5,60.69,14800
DTH,29-Aug-13,42.48,42.57,42.35,42.46,10900
DTN,29-Aug-13,62.3,62.71,62.3,62.46,43300
DTO,29-Aug-13,30,31.04,29.59,30.9,457500
DTYL,29-Aug-13,64.44,64.93,64.44,64.78,900
DTYS,29-Aug-13,33.23,33.26,32.6,32.73,17300
DUG,29-Aug-13,59.93,61.07,59.86,60.87,126700
DUST,29-Aug-13,27.81,29.29,25.3,26.38,11482500
DVY,29-Aug-13,64.98,65.32,64.9,65.07,774700
DVYA,29-Aug-13,52.42,52.42,52.34,52.34,300
DVYE,29-Aug-13,46.5,47.01,46.41,46.41,27200
DVYL,29-Aug-13,34.92,34.92,34.76,34.76,500
DWAS,29-Aug-13,34.7,35.33,34.67,35.23,209100
DWM,29-Aug-13,48.71,48.72,48.51,48.59,12600
DWTI,29-Aug-13,25.26,26.28,24.89,26.28,24400
DWX,29-Aug-13,44.22,44.3,44.01,44.06,160500
DXD,29-Aug-13,35.22,35.34,34.78,35.15,844100
DXJ,29-Aug-13,44.8,45.18,44.74,44.78,4553700
DZK,29-Aug-13,52.63,53.41,52.54,52.93,3700
DZZ,29-Aug-13,5.72,5.78,5.66,5.73,468300
EAD,29-Aug-13,8.81,8.86,8.79,8.84,279800
EAPS,29-Aug-13,26.8,26.81,26.6,26.6,900
EBND,29-Aug-13,28.75,29.03,28.75,28.97,39200
ECF,29-Aug-13,7.6,7.65,7.58,7.61,33700
ECH,29-Aug-13,45.92,46.81,45.92,46.54,117900
ECNS,29-Aug-13,41.34,42.17,41.34,41.98,68800
ECON,29-Aug-13,24.23,24.48,24.18,24.25,255500
EDC,29-Aug-13,21.67,22.2,21.33,21.45,1219400
EDEN,29-Aug-13,38.11,38.14,38.11,38.13,600
EDIV,29-Aug-13,37.68,38.01,37.59,37.69,80400
EDV,29-Aug-13,93.89,96.11,93.89,96.05,21900
EDZ,29-Aug-13,59.94,60.97,58.36,60.62,501200
EEB,29-Aug-13,32.1,32.36,32,32.06,48600
EEHB,29-Aug-13,20,20.26,19.77,19.8,116800
EELV,29-Aug-13,26.05,26.15,25.96,25.97,25800
EEM,29-Aug-13,37.87,38.16,37.64,37.73,63988700
EEMS,29-Aug-13,43,43.84,43,43.54,1300
EEMV,29-Aug-13,54.36,54.8,54.31,54.38,493700
EES,29-Aug-13,70.2,71.15,70.19,70.86,14800
EET,29-Aug-13,62.97,63.25,62.33,62.33,1900
EEV,29-Aug-13,26.16,26.44,25.71,26.33,151000
EFA,29-Aug-13,59.86,60.17,59.8,59.91,10555800
EFAV,29-Aug-13,58.27,58.39,58.12,58.27,33100
EFG,29-Aug-13,64.1,64.31,64.06,64.1,123900
EFNL,29-Aug-13,28.08,28.08,27.98,27.98,800
EFO,29-Aug-13,89.82,89.82,89.82,89.82,100
EFU,29-Aug-13,54.43,54.43,54.22,54.28,900
EFV,29-Aug-13,50.82,51.09,50.8,50.83,168800
EFZ,29-Aug-13,37.92,37.92,37.73,37.88,144500
EGAS,29-Aug-13,10.26,10.4,10.26,10.3,10500
EGI,29-Aug-13,0.32,0.33,0.31,0.33,35400
EGPT,29-Aug-13,44.88,45.1,44.45,45,13700
EIA,29-Aug-13,10.65,10.65,10.5,10.58,7100
EIDO,29-Aug-13,22.8,23.03,22.29,22.36,1078600
EIM,29-Aug-13,10.79,10.89,10.75,10.86,136800
EIO,29-Aug-13,10.9,11.03,10.81,10.98,7600
EIP,29-Aug-13,10.96,11.05,10.91,11.05,8400
EIRL,29-Aug-13,31.49,31.79,31.49,31.73,8400
EIS,29-Aug-13,42.25,42.59,42.24,42.24,12500
EIV,29-Aug-13,10.43,10.43,10.27,10.41,64700
ELD,29-Aug-13,45.52,45.66,45.42,45.45,182600
ELLO,29-Aug-13,8.42,8.42,8.36,8.36,400
ELMD,29-Aug-13,1.02,1.04,0.98,1,8500
EMAN,29-Aug-13,2.97,3.04,2.97,2.98,50000
EMB,29-Aug-13,106,106.19,105.96,106.03,275500
EMCD,29-Aug-13,28.93,29.01,28.85,28.85,29800
EMCR,29-Aug-13,18.83,18.94,18.83,18.94,1200
EMDD,29-Aug-13,20.46,20.46,20.3,20.3,200
EMHD,29-Aug-13,18.89,18.89,18.89,18.89,100
EMHY,29-Aug-13,48.43,48.49,48.42,48.42,9300
EMI,29-Aug-13,10.85,11.08,10.85,11,6900
EMJ,29-Aug-13,11.5,11.58,11.34,11.54,7800
EMLC,29-Aug-13,23.19,23.35,23.19,23.29,360800
EMLP,29-Aug-13,23.05,23.15,23,23.06,56300
EMT,29-Aug-13,9.67,9.67,9.53,9.53,62400
EMXX,29-Aug-13,1.36,1.4,1.35,1.36,120100
ENOR,29-Aug-13,28.8,28.8,28.7,28.71,1900
ENX,29-Aug-13,11.06,11.14,11.05,11.13,88400
ENY,29-Aug-13,14.19,14.19,14.1,14.12,7000
ENZL,29-Aug-13,33.95,34.24,33.95,34.1,27700
EOX,29-Aug-13,6.69,6.72,6.58,6.69,121600
EPHE,29-Aug-13,30.5,31.01,30.39,30.55,694700
EPI,29-Aug-13,13.64,13.72,13.51,13.52,6928700
EPM,29-Aug-13,11.19,11.5,11.19,11.4,14700
EPM-A,29-Aug-13,25.8,26,25.8,26,1100
EPOL,29-Aug-13,27,27.13,26.83,26.87,745900
EPP,29-Aug-13,44.22,44.5,44.16,44.19,252000
EPS,29-Aug-13,57.13,57.53,57.13,57.53,1400
EPU,29-Aug-13,33.81,34.18,33.7,34.01,52800
EPV,29-Aug-13,20.5,20.57,20.39,20.52,24600
EQL,29-Aug-13,45.71,45.97,45.64,45.84,4100
ERB,29-Aug-13,0.78,0.78,0.78,0.78,400
ERC,29-Aug-13,13.78,13.85,13.7,13.8,169100
ERH,29-Aug-13,11.99,11.99,11.85,11.95,16300
ERUS,29-Aug-13,20,20,19.77,19.77,380600
ERX,29-Aug-13,71.89,72.01,69.66,70.04,371600
ERY,29-Aug-13,26.59,27.4,26.59,27.26,484400
ESP,29-Aug-13,28.24,28.88,28.07,28.4,2400
ESR,29-Aug-13,23.89,23.93,23.8,23.8,4900
ESTE,29-Aug-13,15.25,15.64,15.25,15.61,3300
ETAK,29-Aug-13,0.72,0.72,0.7,0.71,173500
ETF,29-Aug-13,18.47,18.54,18.18,18.23,22100
ETUA,29-Aug-13,11.24,11.31,11.24,11.31,1000
ETUB,29-Aug-13,11.12,11.74,11.1,11.12,28100
EU,29-Aug-13,21.43,21.43,21.34,21.38,11400
EUFX,29-Aug-13,37.17,37.18,37.17,37.18,400
EUM,29-Aug-13,29.86,30.04,29.62,29.99,243800
EUO,29-Aug-13,18.55,18.61,18.53,18.55,550700
EUSA,29-Aug-13,35.27,35.58,35.27,35.4,3200
EVBN,29-Aug-13,18.93,19.25,18.93,19.25,800
EVI,29-Aug-13,1.84,1.84,1.84,1.84,100
EVJ,29-Aug-13,11.53,11.65,11.53,11.63,20800
EVK,29-Aug-13,2.9,3.05,2.9,3.03,7900
EVM,29-Aug-13,10.06,10.07,9.91,10.01,63900
EVO,29-Aug-13,11.74,11.88,11.7,11.79,11000
EVP,29-Aug-13,11.06,11.1,11,11.04,12600
EVV,29-Aug-13,14.71,14.83,14.67,14.8,361200
EVY,29-Aug-13,12.05,12.21,11.87,12.2,21700
EWA,29-Aug-13,23.46,23.54,23.42,23.42,991100
EWC,29-Aug-13,27.41,27.58,27.31,27.45,1097600
EWD,29-Aug-13,32.41,32.47,32.38,32.43,138800
EWEM,29-Aug-13,30.51,30.51,30.51,30.51,200
EWG,29-Aug-13,25.83,25.97,25.81,25.89,2708300
EWGS,29-Aug-13,35.02,35.1,34.9,34.9,31900
EWH,29-Aug-13,18.65,18.82,18.65,18.7,1392800
EWHS,29-Aug-13,28.41,28.73,28.4,28.51,2400
EWI,29-Aug-13,13.19,13.3,13.19,13.2,985700
EWJ,29-Aug-13,11.09,11.17,11.08,11.09,17060500
EWK,29-Aug-13,14.61,14.63,14.56,14.59,89000
EWL,29-Aug-13,29.39,29.53,29.35,29.44,435600
EWM,29-Aug-13,14.16,14.31,14.14,14.16,2533000
EWN,29-Aug-13,22.69,22.85,22.69,22.78,168900
EWO,29-Aug-13,18.14,18.18,18.09,18.11,26600
EWP,29-Aug-13,30.93,31.14,30.91,30.98,254500
EWQ,29-Aug-13,25.17,25.33,25.14,25.26,750700
EWRI,29-Aug-13,41.43,41.69,41.42,41.61,2200
EWRM,29-Aug-13,41.99,42.3,41.99,42.2,3300
EWRS,29-Aug-13,39.83,40.2,39.82,40.02,21700
EWS,29-Aug-13,12.43,12.48,12.39,12.42,2501800
EWSS,29-Aug-13,27.82,27.85,27.67,27.79,6900
EWT,29-Aug-13,13.38,13.47,13.33,13.37,5951700
EWU,29-Aug-13,18.82,18.94,18.81,18.83,1429500
EWUS,29-Aug-13,35.87,35.92,35.64,35.89,30100
EWV,29-Aug-13,19.91,19.91,19.67,19.87,7700
EWW,29-Aug-13,61.27,62,60.71,61.16,3872700
EWX,29-Aug-13,42.64,42.97,42.55,42.57,64900
EWY,29-Aug-13,56.81,57.41,56.81,57.06,2383200
EWZ,29-Aug-13,42.43,43.04,42.13,42.36,10493500
EWZS,29-Aug-13,19.69,19.75,19.48,19.48,12300
EXE,29-Aug-13,3.14,3.14,3.13,3.14,1400
EXI,29-Aug-13,61.09,61.58,61.09,61.35,9500
EXT,29-Aug-13,59.38,59.38,59.23,59.23,11700
EZA,29-Aug-13,57.86,58.17,57.31,57.32,578500
EZJ,29-Aug-13,75.79,76.81,75.67,76.46,5500
EZM,29-Aug-13,75.19,75.98,75.19,75.67,31500
EZU,29-Aug-13,35.04,35.25,35.04,35.1,1008800
EZY,29-Aug-13,50.99,50.99,50.99,50.99,1400
FAB,29-Aug-13,39.02,39.33,39.02,39.16,13300
FAD,29-Aug-13,38.95,39.08,38.95,39.03,2500
FAN,29-Aug-13,9.56,9.69,9.56,9.6,35800
FAS,29-Aug-13,63.02,64.93,62.88,63.97,5865500
FAUS,29-Aug-13,28.79,28.79,28.79,28.79,100
FAX,29-Aug-13,6.06,6.06,5.99,6.01,980900
FAZ,29-Aug-13,32.89,33,31.94,32.48,7201500
FBG,29-Aug-13,36.34,37.39,36.33,36.95,132600
FBT,29-Aug-13,61.14,62.42,61.09,62.01,79300
FBZ,29-Aug-13,18.37,18.49,18.12,18.49,1600
FCAN,29-Aug-13,34.54,34.58,34.37,34.46,13700
FCG,29-Aug-13,17.45,17.47,17.32,17.36,221600
FCO,29-Aug-13,10.44,10.47,10.42,10.47,38200
FCSC,29-Aug-13,5.21,5.56,5.07,5.4,82900
FDD,29-Aug-13,12.23,12.23,12.12,12.12,22800
FDL,29-Aug-13,20.74,20.8,20.67,20.67,143900
FDM,29-Aug-13,27.46,27.86,27.46,27.75,28000
FDN,29-Aug-13,49.2,50.01,49.2,49.82,112100
FDT,29-Aug-13,46.42,46.64,46.41,46.46,22200
FDTS,29-Aug-13,32.37,32.37,32.06,32.21,8200
FEEU,29-Aug-13,95.5,95.58,95.2,95.47,3000
FEM,29-Aug-13,22.64,22.86,22.59,22.65,97100
FEMS,29-Aug-13,30.99,31.46,30.99,31.12,10200
FEN,29-Aug-13,32.42,32.49,32.2,32.49,35700
FEP,29-Aug-13,28.98,29.1,28.96,28.96,54800
FEU,29-Aug-13,34.71,34.83,34.71,34.78,15400
FEX,29-Aug-13,36.08,36.43,36.08,36.3,193600
FEZ,29-Aug-13,35.59,35.83,35.55,35.69,582600
FFR,29-Aug-13,38.17,38.17,38.02,38.07,2400
FGD,29-Aug-13,24.41,24.57,24.35,24.37,44500
FGEM,29-Aug-13,18.13,18.19,18.11,18.11,2500
FGM,29-Aug-13,34.56,34.63,34.38,34.42,2000
FHK,29-Aug-13,33.91,33.91,33.91,33.91,700
FIGY,29-Aug-13,93.2,93.75,92.92,93.13,11400
FILL,29-Aug-13,24.57,24.57,24.06,24.06,5800
FINU,29-Aug-13,89.86,89.86,89,89,500
FIVZ,29-Aug-13,78.74,78.82,78.74,78.82,1600
FIW,29-Aug-13,28.75,29.15,28.75,29.02,44800
FJP,29-Aug-13,43.02,43.02,42.28,42.69,12700
FKO,29-Aug-13,24.88,24.88,24.88,24.88,400
FKU,29-Aug-13,37.51,37.53,37.21,37.39,2300
FLAG,29-Aug-13,28.12,28.12,28.11,28.11,200
FLAT,29-Aug-13,55.91,56.46,55.91,56.46,6600
FLM,29-Aug-13,44.17,44.17,44.17,44.17,100
FLOT,29-Aug-13,50.65,50.66,50.62,50.65,684700
FLRN,29-Aug-13,30.83,30.83,30.74,30.8,77300
FLTR,29-Aug-13,24.95,24.96,24.88,24.96,5700
FM,29-Aug-13,30.5,30.76,30.5,30.61,52700
FMF,29-Aug-13,49.01,49.01,49.01,49.01,400
FMK,29-Aug-13,22.41,22.56,22.41,22.45,3000
FNDA,29-Aug-13,24.16,24.45,24.16,24.35,10100
FNDB,29-Aug-13,24.11,24.31,24.11,24.2,7700
FNDC,29-Aug-13,24.54,24.59,24.5,24.55,4700
FNDE,29-Aug-13,24.62,24.69,24.44,24.44,13300
FNDF,29-Aug-13,24.49,24.59,24.42,24.43,23700
FNDX,29-Aug-13,24.14,24.29,24.1,24.19,5200
FNI,29-Aug-13,23.49,23.69,23.49,23.58,8300
FNIO,29-Aug-13,28.95,28.98,28.95,28.98,400
FNK,29-Aug-13,25.89,26.12,25.89,26.08,900
FNX,29-Aug-13,43.82,44.2,43.77,44.02,155800
FNY,29-Aug-13,23.94,24.29,23.94,24.26,1300
FOL,29-Aug-13,8.18,8.18,7.8,7.8,16100
FORX,29-Aug-13,46.01,46.08,46.01,46.08,800
FPA,29-Aug-13,25.48,25.66,25.48,25.51,30200
FPE,29-Aug-13,18.32,18.35,18.22,18.28,13200
FPP,29-Aug-13,4.71,4.71,4.43,4.67,24400
FPP.W,29-Aug-13,0.86,0.87,0.78,0.87,3200
FPX,29-Aug-13,38.93,39.42,38.93,39.22,24100
FRAK,29-Aug-13,27.4,27.4,27.07,27.07,19200
FRD,29-Aug-13,9.81,9.99,9.81,9.92,5900
FRI,29-Aug-13,17.55,17.61,17.48,17.61,324700
FRN,29-Aug-13,15.62,15.66,15.54,15.56,52400
FRS,29-Aug-13,20,20.41,20,20,2200
FSE,29-Aug-13,13.03,13.03,12.87,12.87,400
FSG,29-Aug-13,9.31,9.31,9.13,9.22,7900
FSI,29-Aug-13,1.07,1.16,1.07,1.12,21700
FSP,29-Aug-13,12.23,12.4,12.2,12.4,202300
FSZ,29-Aug-13,36.15,36.28,36.05,36.1,2600
FTA,29-Aug-13,35.88,36.08,35.82,35.94,33300
FTC,29-Aug-13,35.26,35.67,35.26,35.55,6600
FTF,29-Aug-13,12.56,12.67,12.53,12.66,63100
FTY,29-Aug-13,38.15,38.34,38.15,38.34,139900
FU,29-Aug-13,4.22,4.26,4.01,4.2,182800
FUD,29-Aug-13,25.27,25.28,25.24,25.24,1600
FUE,29-Aug-13,10.8,10.8,10.71,10.71,300
FVD,29-Aug-13,19.73,19.81,19.73,19.77,95600
FVL,29-Aug-13,15.76,15.76,15.76,15.76,200
FWDB,29-Aug-13,24.87,24.87,24.87,24.87,1400
FWDD,29-Aug-13,33.68,33.68,33.51,33.51,3000
FWDI,29-Aug-13,25.44,25.56,25.34,25.36,25400
FWV,29-Aug-13,16.66,16.66,16.66,16.66,200
FXA,29-Aug-13,89.54,89.66,89.34,89.46,221100
FXB,29-Aug-13,153.02,153.03,152.83,153.03,34300
FXC,29-Aug-13,94.65,94.79,94.38,94.43,18800
FXD,29-Aug-13,28.02,28.39,27.85,28.31,184600
FXE,29-Aug-13,131.09,131.16,130.87,131.08,145600
FXF,29-Aug-13,105.49,105.5,105.25,105.37,4900
FXG,29-Aug-13,31.91,32.31,31.85,32.18,114600
FXH,29-Aug-13,41.33,41.94,41.33,41.77,116000
FXI,29-Aug-13,35.13,35.45,35.03,35.11,16055800
FXL,29-Aug-13,25.74,26.03,25.74,25.94,84700
FXN,29-Aug-13,22.45,22.45,22.29,22.32,78100
FXO,29-Aug-13,19.14,19.35,19.13,19.26,124000
FXP,29-Aug-13,19.5,19.6,19.18,19.5,95700
FXR,29-Aug-13,23.7,24,23.7,23.88,85100
FXS,29-Aug-13,151.32,151.32,151.03,151.03,2400
FXU,29-Aug-13,20.05,20.07,19.95,20,70100
FXY,29-Aug-13,99.59,99.63,99.34,99.59,150300
FXZ,29-Aug-13,27.67,28.02,27.67,27.84,58400
FYC,29-Aug-13,26.14,26.14,26.14,26.14,200
FYT,29-Aug-13,26.99,27.44,26.99,27.38,28800
FYX,29-Aug-13,41.33,41.89,41.33,41.69,159900
GAF,29-Aug-13,61.43,61.59,60.84,60.88,1000
GAL,29-Aug-13,31.71,31.73,31.6,31.6,3300
GASL,29-Aug-13,25.4,25.41,24.48,24.74,93200
GASX,29-Aug-13,38.75,39.87,38.71,39.51,17700
GASZ,29-Aug-13,28.31,28.33,28.03,28.07,10900
GAZ,29-Aug-13,2.45,2.45,2.32,2.44,62800
GBB,29-Aug-13,41.45,41.5,41.45,41.45,400
GBF,29-Aug-13,109.1,109.64,109.03,109.39,3400
GBR,29-Aug-13,1.28,1.28,1.17,1.2,5800
GCC,29-Aug-13,27.03,27.03,26.87,26.87,40600
GCE,29-Aug-13,16.72,16.72,16.59,16.59,900
GDX,29-Aug-13,28.04,28.92,27.54,28.54,61238500
GDXJ,29-Aug-13,48.34,49.81,46.98,49,1608500
GEMS,29-Aug-13,19.05,19.88,19.05,19.88,200
GEX,29-Aug-13,48.62,48.85,48.49,48.49,1700
GGEM,29-Aug-13,21.53,21.53,21.34,21.37,25100
GGGG,29-Aug-13,13.13,13.45,12.87,13.45,13600
GGN,29-Aug-13,11.06,11.08,10.96,11.02,341400
GGN-B,29-Aug-13,20.15,20.5,19.75,20.25,9900
GHM,29-Aug-13,33.76,34.32,33.72,34.24,13300
GHYG,29-Aug-13,51.5,52.05,51.5,51.77,3300
GIG,29-Aug-13,1.07,1.13,1.07,1.09,43600
GII,29-Aug-13,41.09,41.09,40.89,40.89,4200
GIY,29-Aug-13,49.44,49.44,49.44,49.44,200
GLD,29-Aug-13,136.12,136.55,135.42,135.87,7943100
GLDX,29-Aug-13,17.21,17.31,16.34,16.96,105200
GLL,29-Aug-13,79.47,80.03,78.85,79.59,156400
GLO,29-Aug-13,12.1,12.28,12.05,12.27,142500
GLOW,29-Aug-13,1.5,1.65,1.44,1.48,11100
GLQ,29-Aug-13,14.02,14.22,13.96,14.06,76200
GLTR,29-Aug-13,77.9,78.09,77.49,77.65,12400
GLU,29-Aug-13,19.38,19.43,19.35,19.42,5800
GLU-A,29-Aug-13,51.2,51.2,51.2,51.2,3000
GLV,29-Aug-13,14.54,14.67,14.34,14.52,21900
GMF,29-Aug-13,70.58,71.36,70.58,70.62,107900
GMFS,29-Aug-13,40.2,40.58,40.19,40.3,400
GML,29-Aug-13,58.5,59.18,58.5,58.89,5900
GMM,29-Aug-13,58.25,58.79,58.25,58.33,38300
GMO,29-Aug-13,1.68,1.76,1.65,1.68,155300
GMTB,29-Aug-13,50.6,50.62,50.6,50.62,1000
GNAT,29-Aug-13,20.75,20.79,20.64,20.64,3300
GNR,29-Aug-13,46.51,46.8,46.5,46.55,55400
GORO,29-Aug-13,8.33,8.82,8.17,8.67,412200
GOVT,29-Aug-13,24.3,24.38,24.3,24.36,50300
GPL,29-Aug-13,1.09,1.15,1.05,1.13,793300
GRC,29-Aug-13,35.17,36.36,34.97,36.36,30800
GREK,29-Aug-13,16.78,16.9,16.59,16.89,18400
GRES,29-Aug-13,28.14,28.31,28.04,28.2,2700
GRF,29-Aug-13,7.97,7.98,7.92,7.92,700
GRH,29-Aug-13,1.03,1.05,1,1.04,59900
GRH-C,29-Aug-13,17.02,17.02,16.76,17,7800
GRI,29-Aug-13,38.07,38.24,38.07,38.15,3600
GRU,29-Aug-13,6.47,6.47,6.42,6.44,2500
GSAX,29-Aug-13,21.1,21.98,21.1,21.83,4900
GSB,29-Aug-13,1.49,1.59,1.49,1.55,36600
GSC,29-Aug-13,49.77,49.77,49.16,49.16,3600
GSG,29-Aug-13,34.23,34.28,33.65,33.65,82500
GSP,29-Aug-13,34.58,34.64,34.24,34.24,13700
GSS,29-Aug-13,0.56,0.62,0.53,0.6,4744200
GST,29-Aug-13,3.14,3.23,3.13,3.18,336900
GST-A,29-Aug-13,24.2,24.2,23.63,23.76,4200
GSV,29-Aug-13,0.61,0.68,0.61,0.64,30400
GSY,29-Aug-13,50.13,50.15,50.12,50.14,24200
GTAA,29-Aug-13,23.78,23.78,23.75,23.78,3400
GTE,29-Aug-13,6.62,6.65,6.56,6.6,892600
GTIP,29-Aug-13,49.57,49.57,48.87,48.88,2200
GTT,29-Aug-13,4.12,4.12,4.11,4.11,4900
GTU,29-Aug-13,49.82,49.94,49.43,49.7,64300
GUNR,29-Aug-13,32.38,32.58,32.34,32.41,136300
GUR,29-Aug-13,36.91,37.13,36.73,36.76,9300
GURU,29-Aug-13,21.69,21.93,21.69,21.83,53400
GV,29-Aug-13,1.61,1.84,1.61,1.82,363500
GVI,29-Aug-13,108.86,109.38,108.86,109.26,18700
GVP,29-Aug-13,1.55,1.58,1.52,1.52,5500
GWL,29-Aug-13,26.45,26.5,26.38,26.4,237000
GWX,29-Aug-13,30.6,30.66,30.51,30.57,28200
GXC,29-Aug-13,69.63,70.19,69.46,69.59,147900
GXF,29-Aug-13,21.7,21.82,21.68,21.81,62400
GXG,29-Aug-13,19.71,19.85,19.63,19.65,101300
GYLD,29-Aug-13,24.8,24.9,24.68,24.71,56900
HAO,29-Aug-13,23.33,23.5,23.27,23.31,67300
HAP,29-Aug-13,35.2,35.29,35.12,35.13,4000
HDGE,29-Aug-13,15.26,15.37,15.12,15.19,277800
HDGI,29-Aug-13,24.92,24.92,24.9,24.9,400
HDV,29-Aug-13,66.08,66.48,66.08,66.16,311900
HEB,29-Aug-13,0.24,0.25,0.23,0.23,593500
HECO,29-Aug-13,31.03,31.27,30.87,31,2700
HEDJ,29-Aug-13,50.3,50.73,50.3,50.43,57800
HEVY,29-Aug-13,33.33,33.33,33.33,33.33,300
HGI,29-Aug-13,16.92,16.97,16.85,16.85,104400
HH,29-Aug-13,0.38,0.38,0.36,0.38,201800
HILO,29-Aug-13,16.81,17,16.81,16.85,126200
HLM.P,29-Aug-13,29.08,29.25,29.08,29.15,1200
HMG,29-Aug-13,19.8,19.8,19.8,19.8,100
HNW,29-Aug-13,19.4,19.64,19.32,19.61,23200
HRT,29-Aug-13,2.62,2.73,2.62,2.73,700
HSPX,29-Aug-13,40.85,40.9,40.69,40.9,14600
HTM,29-Aug-13,0.43,0.45,0.42,0.42,394300
HUSA,29-Aug-13,0.34,0.34,0.32,0.32,153700
HVPW,29-Aug-13,25.55,25.56,25.55,25.56,3700
HYD,29-Aug-13,28.51,28.68,28.5,28.51,577000
HYEM,29-Aug-13,25.09,25.16,24.95,25.14,47300
HYG,29-Aug-13,90.91,91.5,90.82,91.43,4012800
HYHG,29-Aug-13,79.3,79.3,79.2,79.2,1700
HYLD,29-Aug-13,50.9,50.98,50.9,50.96,72400
HYMB,29-Aug-13,49.98,50.21,49.93,50.06,33900
HYS,29-Aug-13,104.12,104.5,104.12,104.5,247200
HYXU,29-Aug-13,54.54,54.54,54.23,54.25,9800
IAF,29-Aug-13,10.62,10.62,10.36,10.5,204700
IAI,29-Aug-13,31.27,31.73,31.27,31.62,18300
IAK,29-Aug-13,41.28,41.69,41.28,41.43,8800
IAT,29-Aug-13,29.96,30.24,29.93,30.04,34400
IAU,29-Aug-13,13.69,13.73,13.62,13.67,3764500
IBCB,29-Aug-13,99.54,99.57,99.45,99.57,800
IBCC,29-Aug-13,97.14,97.14,97.04,97.04,200
IBCD,29-Aug-13,95.03,95.29,94.93,94.93,8400
IBDA,29-Aug-13,100.31,100.31,100.26,100.28,300
IBDB,29-Aug-13,100.61,100.61,100.26,100.38,900
IBDC,29-Aug-13,100.52,100.52,100.41,100.41,600
IBIO,29-Aug-13,0.42,0.44,0.42,0.42,39100
IBND,29-Aug-13,35.2,35.2,35.01,35.16,138100
ICF,29-Aug-13,75.72,75.83,75.08,75.79,271300
ICH,29-Aug-13,4.86,4.86,4.79,4.79,500
ICI,29-Aug-13,43.87,43.87,41.93,42.06,7900
ICN,29-Aug-13,17.94,17.94,17.67,17.72,72100
IDHB,29-Aug-13,26.1,26.1,26.1,26.1,200
IDI,29-Aug-13,1.78,1.78,1.63,1.65,22800
IDLV,29-Aug-13,29.54,29.58,29.34,29.34,40800
IDN,29-Aug-13,0.65,0.65,0.6,0.62,12200
IDOG,29-Aug-13,26.5,26.63,26.48,26.5,6600
IDU,29-Aug-13,93.75,94.1,93.36,93.65,82300
IDV,29-Aug-13,34.29,34.41,34.27,34.29,480200
IDX,29-Aug-13,21.91,22.16,21.51,21.56,1014900
IDXJ,29-Aug-13,11.86,12.32,11.85,11.85,60500
IEC,29-Aug-13,3.67,3.69,3.66,3.67,3900
IEF,29-Aug-13,100.21,100.73,100.16,100.6,470900
IEFA,29-Aug-13,53.97,54.21,53.9,54.04,223500
IEI,29-Aug-13,119.81,120.14,119.81,120.09,82500
IELG,29-Aug-13,26.21,26.22,26.09,26.1,4900
IEMG,29-Aug-13,45.24,45.52,45.02,45.05,405500
IEO,29-Aug-13,75.99,76.16,75.47,75.66,91000
IESM,29-Aug-13,27.5,27.52,27.47,27.52,4500
IEV,29-Aug-13,41.48,41.73,41.46,41.58,301200
IEZ,29-Aug-13,60.31,60.7,60.04,60.16,34300
IF,29-Aug-13,9.68,9.86,9.46,9.69,116600
IFMI,29-Aug-13,2.5,2.54,2.49,2.54,3700
IG,29-Aug-13,2.08,2.1,1.84,1.88,82300
IGC,29-Aug-13,1.31,1.33,1.17,1.17,15600
IGC.W,29-Aug-13,0.01,0.01,0.01,0.01,600
IGE,29-Aug-13,41.02,41.02,40.65,40.76,82700
IGEM,29-Aug-13,17.59,17.59,17.52,17.52,1800
IGF,29-Aug-13,35.41,35.58,35.41,35.54,44800
IGM,29-Aug-13,76.68,77.55,76.66,77.19,36200
IGN,29-Aug-13,29.36,29.67,29.36,29.51,10800
IGS,29-Aug-13,32.99,32.99,32.94,32.94,22100
IGV,29-Aug-13,72.46,73.44,72.37,73.23,32700
IHE,29-Aug-13,103.57,104.89,103.57,104.57,6300
IHF,29-Aug-13,85.83,86.95,85.72,86.58,11700
IHI,29-Aug-13,80.88,81.29,80.87,80.92,4000
IHT,29-Aug-13,1.59,1.59,1.57,1.57,3700
IHY,29-Aug-13,26.16,26.18,26.13,26.16,52000
IJH,29-Aug-13,119.26,120.6,119.24,120.1,496000
IJJ,29-Aug-13,104.47,105.6,104.45,105.09,63000
IJK,29-Aug-13,132.64,134.32,132.64,133.73,55900
IJR,29-Aug-13,94.7,95.91,94.62,95.55,574700
IJS,29-Aug-13,97.05,98.15,96.94,97.82,85400
IJT,29-Aug-13,102.65,104.11,102.58,103.79,47800
ILB,29-Aug-13,47.45,47.45,47.2,47.25,1500
ILF,29-Aug-13,34.81,35.33,34.8,34.92,275600
ILTB,29-Aug-13,55.2,55.64,55.2,55.45,2400
IMH,29-Aug-13,9.7,9.86,9.7,9.83,12100
IMLP,29-Aug-13,28.23,28.23,27.75,27.8,14000
IMO,29-Aug-13,42.51,42.74,41.99,42.11,168600
IMUC,29-Aug-13,3.04,3.05,2.91,2.91,566200
INCO,29-Aug-13,17.57,18.02,17.57,17.8,9800
INDA,29-Aug-13,19.59,19.87,19.59,19.61,86500
INDL,29-Aug-13,31.35,32,30.84,30.9,148400
INFU,29-Aug-13,1.36,1.4,1.35,1.36,45300
INKM,29-Aug-13,29.65,29.65,29.61,29.63,9900
INO,29-Aug-13,1.73,1.75,1.66,1.71,3213700
INP,29-Aug-13,44.39,44.6,43.97,44,32600
INR,29-Aug-13,32.81,34.75,32.81,32.99,2300
INS,29-Aug-13,1.24,1.24,1.24,1.24,900
INUV,29-Aug-13,1.14,1.2,1.1,1.15,102600
INXX,29-Aug-13,8.97,9.04,8.9,8.9,29500
INY,29-Aug-13,21.71,21.74,21.56,21.7,7500
IOIL,29-Aug-13,19.46,19.46,19.46,19.46,800
IOO,29-Aug-13,69.25,69.58,69.2,69.3,53900
IPB,29-Aug-13,24.81,24.81,24.81,24.81,200
IPD,29-Aug-13,35.78,35.78,35.46,35.68,900
IPE,29-Aug-13,55.02,55.31,55,55.17,27600
IPF,29-Aug-13,20.68,20.68,20.55,20.55,3700
IPFF,29-Aug-13,23.86,24,23.85,23.87,112400
IPK,29-Aug-13,27.71,27.81,27.5,27.81,1100
IPN,29-Aug-13,28.32,28.48,28.32,28.48,4400
IPS,29-Aug-13,37.5,37.5,37.25,37.28,3100
IPU,29-Aug-13,16.76,16.77,16.66,16.76,8900
IPW,29-Aug-13,24.9,24.9,24.67,24.67,4200
IQDF,29-Aug-13,24.66,24.73,24.63,24.73,9500
IRT,29-Aug-13,8.3,8.31,8.1,8.24,53800
IRV,29-Aug-13,21.88,22.05,21.88,22.05,700
IRY,29-Aug-13,40.43,40.56,40.3,40.44,16300
ISL,29-Aug-13,14.84,14.84,14.82,14.83,900
ISR,29-Aug-13,0.62,0.64,0.62,0.63,59100
ISRA,29-Aug-13,26.2,26.2,26.06,26.12,1400
IST,29-Aug-13,24.76,24.76,24.62,24.62,1200
ISTB,29-Aug-13,99.63,99.68,99.5,99.68,7100
ITA,29-Aug-13,87.25,88.29,87.25,88.03,18700
ITB,29-Aug-13,20.47,21.13,20.45,20.96,3619300
ITE,29-Aug-13,59.18,59.31,59.18,59.29,5900
ITF,29-Aug-13,47.61,48.08,47.61,48.08,300
ITI,29-Aug-13,1.78,1.81,1.78,1.81,65400
ITIP,29-Aug-13,44.75,45.2,44.75,45.07,21800
ITLT,29-Aug-13,32.55,32.55,32.31,32.31,34300
ITM,29-Aug-13,21.55,21.68,21.5,21.59,225800
ITOT,29-Aug-13,74.94,75.54,74.77,75.2,67900
ITR,29-Aug-13,33.3,33.48,33.3,33.48,76500
IVE,29-Aug-13,76.83,77.45,76.78,77.05,361800
IVOG,29-Aug-13,81.42,82.49,81.42,82.25,1400
IVOO,29-Aug-13,80.39,81.23,80.37,80.81,5300
IVOV,29-Aug-13,78.61,79.36,78.61,79.26,6600
IVV,29-Aug-13,164.37,165.89,164.26,165.04,3701600
IVW,29-Aug-13,86.35,87.18,86.31,86.71,244900
IWB,29-Aug-13,91.22,92.12,91.17,91.65,258400
IWC,29-Aug-13,64.45,65.53,64.45,65.25,190100
IWD,29-Aug-13,84.55,85.19,84.47,84.69,2188800
IWF,29-Aug-13,74.99,75.78,74.93,75.43,1335400
IWL,29-Aug-13,37.42,37.42,37.31,37.31,2700
IWM,29-Aug-13,100.89,102.36,100.81,101.97,27632300
IWN,29-Aug-13,87.58,88.65,87.58,88.32,226400
IWO,29-Aug-13,117.86,119.85,117.81,119.4,301700
IWP,29-Aug-13,74.58,75.48,74.56,75.17,165500
IWR,29-Aug-13,133.37,134.79,133.32,134.31,106100
IWS,29-Aug-13,58.79,59.27,58.71,59.05,133600
IWV,29-Aug-13,97.95,98.76,97.86,98.31,120400
IWW,29-Aug-13,110.72,111.52,110.72,111.04,10400
IWX,29-Aug-13,36.15,36.44,36.15,36.24,11400
IWY,29-Aug-13,39.31,39.5,39.31,39.33,16000
IWZ,29-Aug-13,61.71,62.17,61.71,62.07,8600
IXC,29-Aug-13,40.56,40.66,40.19,40.21,409400
IXG,29-Aug-13,50.01,50.43,50.01,50.15,38200
IXJ,29-Aug-13,77.11,77.59,76.75,77.23,22400
IXN,29-Aug-13,72.42,72.71,72.32,72.35,9400
IXP,29-Aug-13,60.62,60.97,60.56,60.61,16700
IXUS,29-Aug-13,51.31,51.85,51.31,51.59,27100
IYC,29-Aug-13,104.36,105.39,104.36,105,8800
IYE,29-Aug-13,46.65,46.65,46.16,46.25,435000
IYF,29-Aug-13,71.51,72.11,71.28,71.76,164800
IYG,29-Aug-13,72.44,73.25,72.37,72.74,46000
IYH,29-Aug-13,103.81,105.04,103.77,104.42,38900
IYJ,29-Aug-13,85.99,86.95,85.99,86.57,49200
IYK,29-Aug-13,87.1,87.93,87.1,87.65,6700
IYLD,29-Aug-13,24.34,24.57,24.34,24.54,18900
IYM,29-Aug-13,70.68,71.51,70.65,71.09,43200
IYR,29-Aug-13,62.43,62.77,62.11,62.72,4663600
IYT,29-Aug-13,112.43,113.73,112.43,112.94,558200
IYW,29-Aug-13,76.87,77.63,76.87,77.32,110000
IYY,29-Aug-13,82.72,83.42,82.67,83.06,12800
IYZ,29-Aug-13,26.83,27.18,26.83,27.04,503700
JGBD,29-Aug-13,17.94,17.94,17.87,17.89,20500
JGBT,29-Aug-13,22.96,22.96,22.95,22.95,400
JJA,29-Aug-13,50.57,50.57,50.39,50.39,700
JJC,29-Aug-13,40.19,40.2,39.96,39.96,37000
JJE,29-Aug-13,18.19,18.38,18.19,18.22,1300
JJG,29-Aug-13,48.28,48.37,48,48.05,9700
JJM,29-Aug-13,30.17,30.17,29.42,29.43,4300
JJN,29-Aug-13,19.1,19.26,18.86,19.05,70300
JJP,29-Aug-13,73,73,73,73,200
JJU,29-Aug-13,21.2,21.2,19.86,19.86,65600
JKD,29-Aug-13,96.8,97.85,96.8,97.41,13700
JKE,29-Aug-13,85.96,86.58,85.96,86.23,9000
JKF,29-Aug-13,73.43,73.72,73.17,73.21,21300
JKG,29-Aug-13,114.29,114.95,114.29,114.64,11300
JKH,29-Aug-13,127.8,128.28,127.75,127.85,1300
JKI,29-Aug-13,101.48,101.58,101.28,101.28,1300
JKJ,29-Aug-13,113.94,114.57,113.94,114.21,2400
JKK,29-Aug-13,116.6,117.71,116.6,117.58,2200
JKL,29-Aug-13,106.75,107.25,106.66,106.82,6100
JNK,29-Aug-13,39.47,39.71,39.46,39.69,4044900
JO,29-Aug-13,23.99,24.03,23.84,24.02,146000
JOB,29-Aug-13,0.26,0.27,0.26,0.26,7000
JPNL,29-Aug-13,41.06,41.86,41.05,41.3,2400
JPNS,29-Aug-13,36.4,36.4,35.75,35.89,1900
JPP,29-Aug-13,42.31,42.58,42.26,42.43,30000
JRS,29-Aug-13,10.08,10.13,9.89,10.08,72800
JSC,29-Aug-13,46.74,47.24,46.74,47.1,11600
JUNR,29-Aug-13,17.86,18.26,17.86,18.24,4500
JXI,29-Aug-13,42.41,42.41,42.06,42.11,20800
KBE,29-Aug-13,30.07,30.47,30.06,30.24,1304700
KBWB,29-Aug-13,32.04,32.43,32.04,32.22,155800
KBWC,29-Aug-13,41.6,41.81,41.6,41.81,200
KBWD,29-Aug-13,24.24,24.51,24.15,24.48,47700
KBWI,29-Aug-13,56.24,56.54,56.24,56.54,700
KBWP,29-Aug-13,35.04,35.07,35.04,35.06,2500
KBWR,29-Aug-13,34.58,34.85,34.58,34.7,3100
KBWY,29-Aug-13,29.45,29.7,29.26,29.7,9100
KCE,29-Aug-13,41.89,41.93,41.74,41.78,6200
KIE,29-Aug-13,54.38,55.11,54.38,54.81,90900
KLD,29-Aug-13,69.15,69.15,68.92,68.92,16100
KME,29-Aug-13,50.04,50.04,50.04,50.04,100
KNOW,29-Aug-13,51.27,51.28,51.27,51.28,300
KOL,29-Aug-13,18.69,18.82,18.57,18.63,54900
KOLD,29-Aug-13,84.51,89.49,83.88,85.08,51800
KORU,29-Aug-13,39.9,39.9,39.48,39.6,1800
KORZ,29-Aug-13,37.79,38.49,37.79,38.49,1200
KRE,29-Aug-13,35.36,35.89,35.32,35.65,2127700
KROO,29-Aug-13,18.05,18.05,18.02,18.02,600
KRS,29-Aug-13,33.77,33.89,33.42,33.62,40800
KRU,29-Aug-13,69.61,71.07,69.61,70.56,14400
KWT,29-Aug-13,51.71,52.27,51.71,52.27,300
KXI,29-Aug-13,79.52,79.99,79.31,79.67,47400
LAG,29-Aug-13,56.22,56.41,56.22,56.3,22800
LAQ,29-Aug-13,30.13,30.16,29.81,29.86,1500
LBJ,29-Aug-13,18.14,18.8,18,18.17,32700
LBND,29-Aug-13,32.5,32.5,31.23,32.47,1300
LBY,29-Aug-13,23.46,24.13,23.31,24,86100
LCI,29-Aug-13,12.72,13.23,12.7,13.12,39200
LEI,29-Aug-13,1.26,1.27,1.23,1.25,68400
LEMB,29-Aug-13,47.77,47.79,47.51,47.56,61500
LGEM,29-Aug-13,9.83,9.83,9.7,9.73,400
LGLV,29-Aug-13,62.9,63.01,62.84,62.84,13900
LIT,29-Aug-13,11.49,11.64,11.49,11.6,31700
LNG,29-Aug-13,28.07,28.82,28.07,28.52,1261300
LODE,29-Aug-13,2.09,2.14,2.04,2.13,142000
LON,29-Aug-13,0.18,0.18,0.18,0.18,6900
LOV,29-Aug-13,6.72,7,6.71,6.88,37000
LPLT,29-Aug-13,41.1,41.35,41.1,41.17,700
LQD,29-Aug-13,112.53,113.07,112.52,113.05,2273000
LSC,29-Aug-13,6.16,6.16,6.16,6.16,500
LSG,29-Aug-13,0.53,0.53,0.5,0.51,693800
LTPZ,29-Aug-13,59.39,59.63,59.39,59.56,4200
LTS,29-Aug-13,1.72,1.75,1.7,1.73,131400
LTS-A,29-Aug-13,24.52,24.55,24.4,24.44,8700
LVL,29-Aug-13,12.22,12.32,12.17,12.25,58900
LWC,29-Aug-13,36.68,37.01,36.68,36.95,27100
MAB,29-Aug-13,12.88,12.88,12.62,12.77,3800
MATH,29-Aug-13,27.92,27.92,27.91,27.91,500
MATL,29-Aug-13,36.14,36.14,36.14,36.14,100
MBB,29-Aug-13,104.17,104.43,104.04,104.33,206000
MBG,29-Aug-13,26.4,26.4,26.4,26.4,100
MCF,29-Aug-13,37.59,37.59,36.66,37.08,37800
MCHI,29-Aug-13,43.61,43.85,43.4,43.48,367500
MCRO,29-Aug-13,25.65,25.65,25.65,25.65,100
MCZ,29-Aug-13,0.66,0.67,0.65,0.67,100800
MDD,29-Aug-13,31.24,31.38,30.99,31.2,11500
MDGN,29-Aug-13,4.07,4.24,3.95,4.23,55900
MDM,29-Aug-13,5.32,5.36,5.22,5.22,3400
MDW,29-Aug-13,1.06,1.14,1.01,1.13,227200
MDY,29-Aug-13,217.32,219.84,217.32,218.92,969400
MDYG,29-Aug-13,98.74,99.89,98.74,99.31,7000
MDYV,29-Aug-13,71.39,71.71,71.39,71.46,4600
MEA,29-Aug-13,1.31,1.33,1.28,1.32,45100
MEET,29-Aug-13,1.68,1.75,1.68,1.69,312900
MES,29-Aug-13,24.63,25.22,24.63,25.22,500
MGC,29-Aug-13,55.95,56.45,55.95,56.17,19400
MGH,29-Aug-13,0.26,0.26,0.23,0.24,56700
MGK,29-Aug-13,62.65,63.27,62.64,62.96,36500
MGN,29-Aug-13,0.89,0.89,0.81,0.82,31700
MGT,29-Aug-13,4.15,4.21,4.11,4.13,29000
MGV,29-Aug-13,49.62,50,49.59,49.77,42200
MHE,29-Aug-13,11.82,11.9,11.8,11.9,8700
MHH,29-Aug-13,10.97,11,10.69,10.97,5000
MHM,29-Aug-13,12.92,12.92,12.92,12.92,700
MHR-C,29-Aug-13,25.1,25.18,25.07,25.1,4100
MHR-D,29-Aug-13,45.98,46.05,45.58,45.8,6000
MHR-E,29-Aug-13,24.5,24.69,24.5,24.69,5300
MHW,29-Aug-13,12.7,12.7,12.7,12.7,10000
MIDU,29-Aug-13,59.05,60.89,59.05,60.27,23000
MIDZ,29-Aug-13,27.32,27.32,26.48,26.8,8400
MINC,29-Aug-13,49.01,49.06,49,49.04,7700
MINT,29-Aug-13,101.37,101.38,101.34,101.38,282600
MIW,29-Aug-13,11.15,11.3,11.15,11.3,3000
MJC,29-Aug-13,10.21,10.24,10.21,10.24,3200
MLA,29-Aug-13,14.42,14.42,14.42,14.42,3300
MLN,29-Aug-13,17.05,17.07,16.88,16.98,62500
MLPA,29-Aug-13,15.94,15.94,15.88,15.91,17500
MLPG,29-Aug-13,35,35.02,34.96,34.96,10400
MLPI,29-Aug-13,38.5,38.59,38.31,38.46,218900
MLPJ,29-Aug-13,15.48,15.51,15.45,15.51,2800
MLPL,29-Aug-13,52.54,52.87,52.48,52.62,13800
MLPN,29-Aug-13,28.97,29.07,28.94,29,78400
MLPW,29-Aug-13,32.08,32.08,32.05,32.05,600
MLPX,29-Aug-13,14.71,14.75,14.67,14.75,23300
MLPY,29-Aug-13,17.38,17.38,17.31,17.36,8200
MMF,29-Aug-13,13.55,13.55,13.51,13.51,400
MMTM,29-Aug-13,69.81,69.83,69.81,69.83,200
MMV,29-Aug-13,12.52,12.52,12.39,12.45,4700
MNA,29-Aug-13,26.12,26.27,25.89,26.15,10800
MOAT,29-Aug-13,25.8,26.04,25.8,25.88,73100
MOC,29-Aug-13,1.4,1.4,1.35,1.37,27200
MOL,29-Aug-13,10.01,10.01,10.01,10.01,2000
MOM,29-Aug-13,23.79,24.34,23.61,23.66,49900
MONY,29-Aug-13,50.55,50.88,50.55,50.87,14900
MOO,29-Aug-13,48.75,49.19,48.75,48.92,413900
MORL,29-Aug-13,17.85,18.58,17.7,18.32,113600
MORT,29-Aug-13,22.75,23.2,22.74,23.15,22700
MSC,29-Aug-13,13.41,13.41,13.41,13.41,5000
MSL,29-Aug-13,15.2,15.4,15.07,15.23,20100
MSN,29-Aug-13,1.7,1.73,1.66,1.66,11500
MSTX,29-Aug-13,0.43,0.43,0.42,0.42,1052700
MSXX,29-Aug-13,15.53,15.72,15.53,15.6,16300
MTK,29-Aug-13,77.11,77.38,77.11,77.24,1200
MTUM,29-Aug-13,52.75,52.83,52.67,52.67,5700
MUAC,29-Aug-13,51.6,51.63,51.53,51.6,13500
MUAD,29-Aug-13,53.1,58,53.1,53.18,3000
MUAE,29-Aug-13,53.26,53.37,53.26,53.34,5400
MUAF,29-Aug-13,54.45,54.63,54.45,54.6,11800
MUAG,29-Aug-13,24.85,24.85,24.7,24.78,900
MUB,29-Aug-13,101.69,101.95,101.64,101.89,149200
MUK,29-Aug-13,10.17,10.17,10.17,10.17,300
MUNI,29-Aug-13,51.21,51.27,51.17,51.21,17400
MVF,29-Aug-13,8.9,9.01,8.85,8.96,166700
MVG,29-Aug-13,6.92,7.59,6.8,7.35,122000
MVV,29-Aug-13,100.53,102.8,100.44,101.85,62500
MXA,29-Aug-13,15.2,15.26,15.2,15.26,200
MXC,29-Aug-13,6.63,6.79,6.4,6.44,6900
MXI,29-Aug-13,56.65,57.18,56.58,56.83,20200
MXN,29-Aug-13,13.85,14.15,13.82,14.08,9800
MYY,29-Aug-13,21.03,21.04,20.83,20.93,11000
MZA,29-Aug-13,12.9,12.93,12.8,12.9,37500
MZZ,29-Aug-13,17.36,17.36,17.01,17.15,22600
NAGS,29-Aug-13,11.27,11.38,10.42,11,4100
NAK,29-Aug-13,2.03,2.09,2.01,2.05,118200
NASH,29-Aug-13,24.1,24.22,24.1,24.17,1100
NAVB,29-Aug-13,2.94,3.01,2.91,2.99,286600
NAZ-C,29-Aug-13,10.02,10.02,10.02,10.02,1500
NBH,29-Aug-13,13.43,13.64,13.29,13.64,58700
NBO,29-Aug-13,12.66,12.66,12.43,12.58,38300
NBW,29-Aug-13,13.74,13.85,13.56,13.73,41400
NBY,29-Aug-13,1.4,1.43,1.36,1.41,28100
NCB,29-Aug-13,14.4,14.66,14.3,14.66,28800
NCQ,29-Aug-13,1.9,1.9,1.86,1.9,21700
NCU,29-Aug-13,12.9,12.9,12.57,12.76,19000
NEA,29-Aug-13,12.19,12.3,12.01,12.08,478600
NFO,29-Aug-13,41.25,41.69,41.25,41.56,9800
NG,29-Aug-13,2.85,2.94,2.73,2.76,3244500
NGD,29-Aug-13,6.89,7.02,6.67,6.79,9251900
NGE,29-Aug-13,14,14.22,14,14.22,500
NGX,29-Aug-13,12.58,12.58,12.4,12.4,16300
NHC,29-Aug-13,45.91,46.76,45.3,46.76,9200
NHS,29-Aug-13,12.55,12.6,12.5,12.58,38000
NIB,29-Aug-13,32.98,33.08,32.79,32.94,97600
NJV,29-Aug-13,13.98,13.98,13.83,13.83,1800
NKG,29-Aug-13,11.72,11.74,11.62,11.7,14200
NKG-E,29-Aug-13,10.02,10.02,10.02,10.02,2500
NKX,29-Aug-13,12,12.04,11.9,12,117000
NKY,29-Aug-13,16.28,16.4,16.26,16.33,698000
NLP,29-Aug-13,7.18,7.25,7.18,7.18,17700
NLR,29-Aug-13,43.36,43.55,43.33,43.33,1300
NMB-C,29-Aug-13,10.03,10.03,9.99,9.99,9900
NML,29-Aug-13,19.74,19.78,19.67,19.77,124800
NMZ,29-Aug-13,11.43,11.54,11.24,11.54,158900
NOG,29-Aug-13,13.08,13.24,12.96,13.1,608300
NOM,29-Aug-13,13.28,13.39,13.2,13.39,3500
NORW,29-Aug-13,15.6,15.6,15.51,15.58,18900
NPN,29-Aug-13,13.44,13.45,13.2,13.31,7700
NRK,29-Aug-13,11.91,11.98,11.91,11.98,179900
NRO,29-Aug-13,4.36,4.37,4.34,4.36,140900
NSPR,29-Aug-13,2.06,2.23,1.99,2.2,160000
NSU,29-Aug-13,3.18,3.22,3.07,3.12,662000
NTN,29-Aug-13,0.38,0.38,0.37,0.38,45300
NTS,29-Aug-13,1.7,1.7,1.59,1.63,8600
NUGT,29-Aug-13,75.54,82.6,71.34,79.45,6644000
NUJ,29-Aug-13,12,12.08,11.9,12.08,11600
NVG,29-Aug-13,12.15,12.18,12.07,12.18,70300
NVX,29-Aug-13,12.75,12.75,12.59,12.69,34700
NVY,29-Aug-13,11.73,11.79,11.67,11.79,5800
NXJ,29-Aug-13,12.12,12.28,12.12,12.28,8700
NXK,29-Aug-13,12.61,12.61,12.43,12.56,51800
NXM,29-Aug-13,12,12.15,11.93,12.05,10700
NXZ,29-Aug-13,12.38,12.47,12.33,12.44,116700
NY,29-Aug-13,76.48,76.5,76.39,76.39,1600
NYC,29-Aug-13,85.27,85.55,85.18,85.54,5500
NYF,29-Aug-13,101.52,101.94,101.52,101.58,3000
NYH,29-Aug-13,11.01,11.01,10.69,10.79,56300
NYV,29-Aug-13,13.64,13.64,13.56,13.57,15100
NZF,29-Aug-13,12.14,12.17,12.07,12.17,108600
NZH,29-Aug-13,11.5,11.57,11.46,11.5,74300
OBT,29-Aug-13,2.9,2.99,2.76,2.8,4600
OEF,29-Aug-13,73.44,74.07,73.4,73.6,417400
OESX,29-Aug-13,3.65,3.75,3.51,3.58,56700
OGEM,29-Aug-13,20.84,20.9,20.4,20.82,15700
OGEN,29-Aug-13,3.07,3.23,2.99,3.15,51300
OIH,29-Aug-13,45.61,45.66,45.15,45.26,2649800
OIL,29-Aug-13,25.93,26.08,25.5,25.58,1748400
OILZ,29-Aug-13,24.9,24.96,24.86,24.96,15200
OLEM,29-Aug-13,44.65,44.65,43.89,43.89,600
OLO,29-Aug-13,13.95,13.95,13.73,13.73,16900
ONEF,29-Aug-13,31.94,31.94,31.76,31.76,9400
ONN,29-Aug-13,29.59,29.66,29.42,29.42,5200
ONP,29-Aug-13,1.67,1.74,1.65,1.73,13300
ONVO,29-Aug-13,5.68,5.8,5.62,5.69,1004200
ORC,29-Aug-13,10.67,10.76,10.6,10.61,25700
ORM,29-Aug-13,10.8,10.9,10.59,10.9,13200
PAF,29-Aug-13,52.83,52.83,52.58,52.59,2600
PAL,29-Aug-13,1.04,1.05,1.01,1.02,964100
PALL,29-Aug-13,72.11,72.56,71.91,71.95,11800
PBD,29-Aug-13,10.32,10.45,10.32,10.34,8000
PBE,29-Aug-13,32.97,33.53,32.97,33.31,23500
PBJ,29-Aug-13,24.81,25.12,24.76,25.08,18000
PBM,29-Aug-13,3.82,4.03,3.82,3.95,700
PBP,29-Aug-13,20.14,20.3,20.14,20.2,35600
PBS,29-Aug-13,21.76,22.03,21.76,21.96,34700
PBTH,29-Aug-13,8.25,8.28,7.26,8.23,5281900
PBW,29-Aug-13,5.5,5.64,5.5,5.56,292100
PCC,29-Aug-13,9.07,9.21,8.84,9.1,2200
PCEF,29-Aug-13,23.57,23.66,23.52,23.65,89700
PCG-A,29-Aug-13,26.31,26.31,25.78,26.26,1500
PCG-B,29-Aug-13,26.09,26.09,25.62,25.62,1800
PCG-D,29-Aug-13,22.04,22.75,21.99,22.38,5800
PCG-I,29-Aug-13,20.26,20.3,20.2,20.3,600
PCY,29-Aug-13,26.37,26.4,26.3,26.35,388600
PCYG,29-Aug-13,6.72,7.58,6.68,7.4,151800
PDN,29-Aug-13,25.48,25.51,25.37,25.45,23700
PDO,29-Aug-13,4.55,4.75,4.45,4.45,32000
PDP,29-Aug-13,32.12,32.47,32.12,32.33,169700
PEJ,29-Aug-13,29.93,30.24,29.93,30.13,15800
PEK,29-Aug-13,32.11,32.28,32.11,32.15,5200
PERM,29-Aug-13,23.92,24.05,23.91,24.05,7500
PEY,29-Aug-13,10.76,10.85,10.76,10.8,95400
PEZ,29-Aug-13,38.31,38.31,38.2,38.2,1100
PFEM,29-Aug-13,21.08,21.55,20.9,20.98,34600
PFF,29-Aug-13,37.72,37.92,37.71,37.84,1519300
PFI,29-Aug-13,25,25.41,25,25.35,8200
PFIG,29-Aug-13,24.5,24.63,24.5,24.58,8100
PFM,29-Aug-13,18.13,18.25,18.1,18.16,42200
PFXF,29-Aug-13,19.16,19.2,19.07,19.19,22300
PGF,29-Aug-13,17.17,17.23,17.15,17.2,167300
PGHY,29-Aug-13,24.81,24.81,24.81,24.81,1300
PGJ,29-Aug-13,25.5,25.95,25.5,25.85,66300
PGM,29-Aug-13,33.19,34.25,33.19,34.25,3200
PGX,29-Aug-13,13.68,13.76,13.65,13.73,461300
PHB,29-Aug-13,18.69,18.81,18.65,18.81,253600
PHDG,29-Aug-13,26.84,26.99,26.81,26.96,25700
PHF,29-Aug-13,8.51,8.59,8.51,8.57,7500
PHO,29-Aug-13,22.39,22.61,22.39,22.5,49100
PHYS,29-Aug-13,11.87,11.87,11.78,11.81,804600
PICB,29-Aug-13,28.21,28.22,28.14,28.2,15900
PICK,29-Aug-13,18.14,18.15,18.05,18.06,8400
PID,29-Aug-13,16.63,16.72,16.63,16.66,161400
PIE,29-Aug-13,16.41,16.57,16.33,16.35,641500
PIN,29-Aug-13,14.16,14.24,14.06,14.1,1521600
PIO,29-Aug-13,19.68,19.92,19.68,19.85,25200
PIP,29-Aug-13,2.22,2.24,2.17,2.24,243000
PIZ,29-Aug-13,22.33,22.58,22.33,22.49,160400
PJP,29-Aug-13,45.38,45.98,45.38,45.82,62500
PKB,29-Aug-13,19.08,19.42,19.08,19.33,31100
PKW,29-Aug-13,37.37,37.78,37.27,37.55,315200
PLG,29-Aug-13,1.2,1.21,1.14,1.16,365600
PLM,29-Aug-13,0.85,0.85,0.8,0.8,212600
PLND,29-Aug-13,21.22,21.24,21.09,21.09,7500
PLW,29-Aug-13,29.86,29.97,29.83,29.95,4900
PLX,29-Aug-13,5.16,5.26,5.13,5.18,96400
PMR,29-Aug-13,30.99,31.65,30.99,31.6,9600
PPA,29-Aug-13,26.44,26.72,26.43,26.68,27000
PPH,29-Aug-13,46.56,46.89,46.51,46.72,18600
PPLT,29-Aug-13,149.32,149.47,148.54,148.75,13300
PRB,29-Aug-13,24.52,24.52,24.5,24.51,1200
PRF,29-Aug-13,73.58,74.19,73.5,73.83,128500
PRK,29-Aug-13,76.99,77.71,76.95,77.61,19400
PRN,29-Aug-13,39.98,40.35,39.95,40.04,30800
PSI,29-Aug-13,16.15,16.34,16.15,16.34,200
PSJ,29-Aug-13,31.79,32.29,31.79,32.21,3100
PSK,29-Aug-13,41.6,41.75,41.58,41.67,33000
PSL,29-Aug-13,40.04,40.41,40.04,40.28,14600
PSLV,29-Aug-13,9.66,9.69,9.52,9.57,980800
PSP,29-Aug-13,11.24,11.4,11.24,11.35,117200
PSQ,29-Aug-13,21.57,21.6,21.31,21.42,210900
PSR,29-Aug-13,55.73,56.2,55.73,56.2,3900
PST,29-Aug-13,30.5,30.53,30.19,30.24,27100
PTF,29-Aug-13,31.07,31.27,30.5,31.27,900
PTH,29-Aug-13,41.89,42.2,41.89,41.99,4000
PTM,29-Aug-13,17.21,17.21,17.17,17.17,1500
PTN,29-Aug-13,0.65,0.67,0.65,0.65,28700
PUI,29-Aug-13,19.17,19.18,19.17,19.18,600
PUW,29-Aug-13,27.83,27.99,27.82,27.83,7400
PVI,29-Aug-13,24.98,25,24.98,24.99,26900
PW,29-Aug-13,7.77,7.89,7.77,7.78,5700
PWB,29-Aug-13,22.12,22.3,22.12,22.2,8300
PWC,29-Aug-13,58.6,58.66,58.57,58.57,600
PWV,29-Aug-13,25.52,25.74,25.52,25.59,101800
PWZ,29-Aug-13,22.71,22.78,22.71,22.75,10400
PXE,29-Aug-13,30.37,30.52,30.34,30.41,73300
PXF,29-Aug-13,39.14,39.2,39.05,39.05,29700
PXH,29-Aug-13,18.95,19.19,18.93,18.97,36500
PXI,29-Aug-13,49.52,49.77,49.46,49.48,13500
PXJ,29-Aug-13,24.17,24.25,23.92,23.96,5600
PXLC,29-Aug-13,32.49,32.49,32.37,32.37,1100
PXLG,29-Aug-13,25.26,25.53,25.26,25.41,4000
PXLV,29-Aug-13,25.7,25.74,25.7,25.7,700
PXMC,29-Aug-13,31.6,31.75,31.6,31.65,2600
PXMG,29-Aug-13,26.09,26.16,26,26.1,3500
PXMV,29-Aug-13,21.89,21.91,21.79,21.83,3800
PXN,29-Aug-13,6.64,6.67,6.64,6.67,3300
PXQ,29-Aug-13,28.35,28.41,28.27,28.27,2300
PXR,29-Aug-13,35.43,35.87,35.4,35.51,15800
PXSC,29-Aug-13,29.35,29.35,29.3,29.3,2600
PXSG,29-Aug-13,21.11,21.34,21.11,21.21,2300
PXSV,29-Aug-13,21.39,21.58,21.36,21.49,11400
PYZ,29-Aug-13,43.96,44.65,43.96,44.44,3100
PZA,29-Aug-13,22.53,22.6,22.52,22.59,199200
PZD,29-Aug-13,26.96,27.08,26.94,26.94,3000
PZG,29-Aug-13,1.51,1.61,1.49,1.61,580900
PZI,29-Aug-13,14.61,14.79,14.61,14.77,3100
PZT,29-Aug-13,21.56,21.72,21.56,21.72,29300
QAI,29-Aug-13,27.96,28.01,27.95,27.97,42800
QDEF,29-Aug-13,29.73,29.73,29.6,29.6,3100
QDF,29-Aug-13,30.13,30.16,30.07,30.11,7800
QDYN,29-Aug-13,30.21,30.21,30.11,30.11,1400
QGEM,29-Aug-13,20.3,20.3,20.05,20.21,34000
QID,29-Aug-13,20.99,21.05,20.48,20.67,3822700
QLD,29-Aug-13,72.9,74.69,72.71,73.98,2004700
QLTA,29-Aug-13,49.34,49.5,49.34,49.5,22600
QLTB,29-Aug-13,48.98,48.98,48.81,48.84,700
QMM,29-Aug-13,0.16,0.16,0.15,0.15,109700
QMN,29-Aug-13,25.09,25.12,25.09,25.11,700
QQQE,29-Aug-13,47.08,47.5,47.08,47.5,400
QRM,29-Aug-13,0.58,0.62,0.58,0.6,17800
QUAL,29-Aug-13,49.47,49.51,49.36,49.39,8300
RALS,29-Aug-13,42.14,42.28,42.05,42.07,10400
RAVI,29-Aug-13,75.15,75.15,75.15,75.15,2200
RBL,29-Aug-13,25.07,25.15,24.92,24.94,19500
RBY,29-Aug-13,1.59,1.68,1.56,1.62,771800
RCD,29-Aug-13,70.78,71.18,70.78,71.06,1400
RCG,29-Aug-13,1.43,1.47,1.43,1.47,500
REE,29-Aug-13,2.05,2.1,2.05,2.09,74300
REED,29-Aug-13,5.99,6.05,5.79,6,27300
REK,29-Aug-13,27.48,27.75,27.48,27.53,13100
REM,29-Aug-13,11.81,12.05,11.79,12.03,822200
REMX,29-Aug-13,38.96,39.98,38.8,39.31,14900
RETL,29-Aug-13,54.84,54.99,54.84,54.85,700
REW,29-Aug-13,29.04,29.04,28.87,28.97,500
REZ,29-Aug-13,47.11,47.11,46.75,47.09,49900
RFG,29-Aug-13,105.13,106.39,105.13,105.79,41300
RFV,29-Aug-13,45.25,45.6,45.25,45.45,7500
RGI,29-Aug-13,69.4,69.4,69.18,69.2,1200
RGRA,29-Aug-13,21.62,21.62,21.62,21.62,200
RGRC,29-Aug-13,23.88,23.94,23.88,23.94,800
RGRI,29-Aug-13,23.72,23.74,23.72,23.74,300
RHS,29-Aug-13,81.28,82.05,81.25,82.05,1500
RIC,29-Aug-13,1.57,1.68,1.56,1.61,243400
RIF,29-Aug-13,17.11,17.2,17.06,17.12,14000
RING,29-Aug-13,11.7,11.9,11.42,11.67,117100
RJA,29-Aug-13,8.36,8.4,8.34,8.35,116200
RJI,29-Aug-13,8.6,8.62,8.54,8.54,698300
RJN,29-Aug-13,7.34,7.39,7.31,7.31,37500
RJZ,29-Aug-13,9.32,9.34,9.31,9.31,22800
RKH,29-Aug-13,49.77,50.05,49.72,49.99,2500
RLGT,29-Aug-13,1.89,1.89,1.88,1.88,3500
RLY,29-Aug-13,28.1,28.17,28.03,28.08,13100
RNN,29-Aug-13,0.4,0.4,0.36,0.37,1776900
ROM,29-Aug-13,82.78,84.22,82.78,83.55,5400
ROOF,29-Aug-13,23.02,23.3,23.02,23.29,9500
ROX,29-Aug-13,0.5,0.51,0.46,0.48,401700
RPG,29-Aug-13,59.8,60.48,59.76,60.21,48100
RPI,29-Aug-13,1.1,1.1,0.92,0.92,4900
RPV,29-Aug-13,42.33,42.73,42.33,42.54,25100
RPX,29-Aug-13,36.39,36.39,36.11,36.11,1500
RRGR,29-Aug-13,27.78,27.83,27.71,27.71,37500
RSCO,29-Aug-13,80.19,80.19,79.95,79.95,800
RSP,29-Aug-13,62.73,63.42,62.73,63.16,580900
RSX,29-Aug-13,26.02,26.09,25.81,25.83,2360100
RSXJ,29-Aug-13,41.56,41.62,41.27,41.27,15100
RTH,29-Aug-13,52.64,53.31,52.64,53.08,20300
RTM,29-Aug-13,69.07,69.57,68,69.4,2400
RTR,29-Aug-13,35.63,35.66,35.54,35.56,2500
RUSL,29-Aug-13,21.78,21.88,21.28,21.35,13600
RUSS,29-Aug-13,17.99,18.41,17.87,18.41,13100
RVM,29-Aug-13,0.94,0.94,0.89,0.92,191200
RVP,29-Aug-13,1.74,1.74,1.65,1.66,17600
RWC,29-Aug-13,2.6,2.67,2.6,2.66,17000
RWJ,29-Aug-13,45.96,46.56,45.96,46.38,6500
RWK,29-Aug-13,39.59,40.15,39.59,39.96,8400
RWL,29-Aug-13,31.93,32.23,31.93,32.17,15700
RWM,29-Aug-13,19.64,19.66,19.35,19.41,739800
RWO,29-Aug-13,40.27,40.37,40.15,40.33,168900
RWR,29-Aug-13,72.49,72.49,71.07,71.63,216800
RWW,29-Aug-13,40.02,40.18,39.95,39.95,1100
RWX,29-Aug-13,38.9,39.11,38.81,38.85,395700
RWXL,29-Aug-13,28.37,29,28.37,29,11300
RXD,29-Aug-13,33.18,33.39,32.98,33.39,4400
RXI,29-Aug-13,73.67,74.16,73.57,73.78,552600
RXL,29-Aug-13,64.68,66.19,64.54,65.34,11100
RYE,29-Aug-13,75,75,74.23,74.23,1400
RYF,29-Aug-13,35.05,35.36,34.91,35.25,3100
RYH,29-Aug-13,97.7,97.79,97.27,97.35,5700
RYJ,29-Aug-13,29.14,29.54,29.14,29.43,22100
RYT,29-Aug-13,66.29,66.97,66.29,66.78,22000
RYU,29-Aug-13,62.34,62.34,61.95,62.01,5000
RZG,29-Aug-13,67.84,68.73,67.84,68.55,2200
RZV,29-Aug-13,52.4,53.31,52.4,53.01,12700
SAA,29-Aug-13,80.92,81.45,80.66,80.81,1100
SAGG,29-Aug-13,36.35,36.35,36.3,36.31,1500
SAND,29-Aug-13,6.54,6.83,6.13,6.63,1085600
SARA,29-Aug-13,2.49,2.53,2.39,2.46,138600
SBB,29-Aug-13,16.71,16.78,16.67,16.75,18000
SBI,29-Aug-13,8.88,8.88,8.76,8.84,46000
SBND,29-Aug-13,10.21,10.27,9.83,9.9,62600
SCC,29-Aug-13,25,25.04,24.95,25.04,400
SCE-B,29-Aug-13,20.5,21.05,20.2,21,1300
SCE-C,29-Aug-13,20.64,21,20.6,21,1200
SCE-D,29-Aug-13,21.61,21.7,21.5,21.6,700
SCE-E,29-Aug-13,22.7,22.96,22.6,22.73,2100
SCHA,29-Aug-13,45.97,46.56,45.97,46.38,666800
SCHB,29-Aug-13,39.8,40.18,39.8,39.99,171100
SCHC,29-Aug-13,29,29.07,28.9,28.98,21100
SCHD,29-Aug-13,33,33.2,32.95,33.06,164200
SCHE,29-Aug-13,22.73,22.87,22.43,22.46,648400
SCHF,29-Aug-13,28.64,28.72,28.53,28.61,393400
SCHG,29-Aug-13,39.55,39.97,39.55,39.78,69300
SCHH,29-Aug-13,30.24,30.27,30,30.26,70800
SCHM,29-Aug-13,33.1,33.44,33.1,33.31,96600
SCHO,29-Aug-13,50.42,50.46,50.42,50.46,23700
SCHP,29-Aug-13,53.38,53.55,53.38,53.46,18000
SCHR,29-Aug-13,52.13,52.26,52.12,52.24,25900
SCHV,29-Aug-13,36.5,36.8,36.49,36.61,52500
SCHX,29-Aug-13,39.06,39.41,39.05,39.22,235900
SCHZ,29-Aug-13,50.3,50.46,50.18,50.44,41100
SCIF,29-Aug-13,23.25,23.33,22.9,22.9,229200
SCIN,29-Aug-13,8.33,8.44,8.3,8.31,23300
SCJ,29-Aug-13,50,50.3,50,50.1,23000
SCO,29-Aug-13,27.11,27.86,26.75,27.75,2101900
SCPB,29-Aug-13,30.57,30.59,30.53,30.59,702100
SCT,29-Aug-13,15.31,15.31,15.31,15.31,2200
SCZ,29-Aug-13,45.11,45.26,45.05,45.08,829200
SDA,29-Aug-13,13.05,13.1,13.05,13.07,37300
SDD,29-Aug-13,16.59,16.59,16.07,16.19,61200
SDIV,29-Aug-13,21.9,21.95,21.8,21.87,172200
SDO-H,29-Aug-13,27.01,27.01,27.01,27.01,100
SDOG,29-Aug-13,31.47,31.6,31.46,31.49,34500
SDOW,29-Aug-13,43.02,43.19,42.21,42.84,355600
SDP,29-Aug-13,22.9,22.9,22.9,22.9,100
SDS,29-Aug-13,39.1,39.16,38.38,38.79,10533800
SDY,29-Aug-13,67.13,67.56,67,67.28,780800
SDYL,29-Aug-13,37.95,38.12,37.95,38.07,2100
SEA,29-Aug-13,18.46,18.51,18.4,18.43,18800
SEB,29-Aug-13,2695,2760,2695,2752,300
SED,29-Aug-13,1.97,1.99,1.97,1.99,900
SEF,29-Aug-13,23.54,23.54,23.35,23.46,8400
SFLA,29-Aug-13,116.51,116.59,116.51,116.59,200
SGA,29-Aug-13,50.03,51,49.79,49.98,10600
SGG,29-Aug-13,57.29,57.34,56.78,56.8,24200
SGOL,29-Aug-13,138.69,139.18,137.77,138.59,64200
SH,29-Aug-13,28.95,28.96,28.68,28.85,2635300
SHM,29-Aug-13,24,24.03,23.97,23.99,482600
SHN,29-Aug-13,13.46,13.77,13.46,13.77,7200
SHV,29-Aug-13,110.24,110.25,110.24,110.25,136500
SHY,29-Aug-13,84.27,84.29,84.24,84.29,653100
SIF,29-Aug-13,19.73,19.88,19.5,19.59,2000
SIJ,29-Aug-13,18.62,18.62,18.45,18.45,3200
SIL,29-Aug-13,15.42,15.88,15.09,15.57,308900
SILJ,29-Aug-13,13.39,13.39,12.9,13.2,4000
SIM,29-Aug-13,10.62,10.96,10.62,10.77,5400
SINF,29-Aug-13,41,41,40.73,40.73,200
SIVR,29-Aug-13,23.75,23.81,23.47,23.56,178000
SJB,29-Aug-13,31.24,31.24,30.91,31.08,138500
SJH,29-Aug-13,19.34,19.35,19.08,19.08,3100
SJNK,29-Aug-13,30.48,30.54,30.43,30.53,598000
SKF,29-Aug-13,22.78,22.85,22.38,22.63,381700
SKK,29-Aug-13,14.45,14.45,14.11,14.18,8500
SLI,29-Aug-13,23.79,24.33,23.31,23.35,6900
SLV,29-Aug-13,23.2,23.27,22.88,23,14289500
SLVP,29-Aug-13,14,14.49,13.96,14.2,18800
SLX,29-Aug-13,42.33,42.61,42,42.11,22000
SLY,29-Aug-13,91.13,92.2,91.13,91.8,15400
SLYG,29-Aug-13,154.52,156.57,154.52,155.88,48200
SLYV,29-Aug-13,93.2,94.12,93.2,93.79,5300
SMB,29-Aug-13,17.38,17.38,17.33,17.34,60900
SMDD,29-Aug-13,20.55,20.55,19.88,20.13,8200
SMH,29-Aug-13,37.07,37.58,37.07,37.36,1612700
SMIN,29-Aug-13,15.23,15.29,15.23,15.29,800
SMK,29-Aug-13,29,29,29,29,200
SMLV,29-Aug-13,63.83,64.07,63.8,63.95,21100
SMMU,29-Aug-13,49.93,50.11,49.93,50,4900
SMN,29-Aug-13,47.35,47.35,46.19,46.78,12100
SNLN,29-Aug-13,19.95,19.99,19.94,19.98,28900
SOIL,29-Aug-13,10.66,10.7,10.63,10.64,3700
SOQ,29-Aug-13,0.93,1.08,0.91,0.97,454500
SOXL,29-Aug-13,43.47,45.15,43.21,44.85,99400
SOXS,29-Aug-13,64.43,64.62,61.74,62.3,60700
SOYB,29-Aug-13,24.88,24.88,24.65,24.65,4900
SPFF,29-Aug-13,14.7,14.74,14.59,14.68,13900
SPHB,29-Aug-13,25.75,26.03,25.75,25.84,90000
SPHD,29-Aug-13,27,27.08,26.97,27,19600
SPHQ,29-Aug-13,18.21,18.35,18.18,18.29,70700
SPLV,29-Aug-13,30.68,30.84,30.62,30.72,929700
SPPP,29-Aug-13,9.37,9.4,9.32,9.32,269400
SPXH,29-Aug-13,25.72,25.72,25.72,25.72,700
SPXL,29-Aug-13,43.7,44.92,43.64,44.24,1491100
SPXS,29-Aug-13,50.74,50.85,49.35,50.14,877500
SPXU,29-Aug-13,22.92,22.97,22.29,22.63,6003400
SPY,29-Aug-13,163.55,165.04,163.4,164.17,119200400
SPYG,29-Aug-13,74.81,75.43,74.81,75.09,5100
SPYV,29-Aug-13,83.54,83.88,83.54,83.66,2000
SRLN,29-Aug-13,49.91,49.92,49.83,49.83,114200
SRS,29-Aug-13,23.69,23.77,23.32,23.34,78800
SRTY,29-Aug-13,17.19,17.21,16.44,16.59,892800
SSG,29-Aug-13,28.56,28.56,27.99,28.31,9800
SSN,29-Aug-13,0.48,0.48,0.47,0.48,906600
SSO,29-Aug-13,79.51,80.97,79.38,80.11,5672500
SST,29-Aug-13,29.96,29.98,29.9,29.98,900
STIP,29-Aug-13,100.9,101.01,100.82,100.96,55800
STPP,29-Aug-13,41.28,41.28,40.74,40.78,4900
STPZ,29-Aug-13,52.82,52.89,52.8,52.85,123600
STRP,29-Aug-13,5.14,5.23,5.07,5.23,48600
STS,29-Aug-13,5.32,5.4,5.32,5.4,11800
SUB,29-Aug-13,105.7,105.74,105.62,105.74,22100
SVBL,29-Aug-13,0.38,0.4,0.38,0.4,53500
SVLC,29-Aug-13,1.98,2.22,1.98,2.03,881900
SVT,29-Aug-13,8.58,8.58,8.58,8.58,100
SVXY,29-Aug-13,93.76,95.89,93.11,93.23,709600
SYLD,29-Aug-13,26.08,26.33,26.08,26.25,22700
SYN,29-Aug-13,1.65,1.65,1.53,1.53,13200
SYRG,29-Aug-13,8.75,9.43,8.75,9.03,1652100
SZK,29-Aug-13,44.36,44.36,42.89,42.89,2000
SZO,29-Aug-13,35.99,36.35,35.68,36.35,3000
TAN,29-Aug-13,26.77,27.47,26.77,26.87,46000
TAO,29-Aug-13,20.5,20.74,20.5,20.55,7100
TAS,29-Aug-13,0.74,0.83,0.74,0.78,40700
TAT,29-Aug-13,0.9,0.94,0.9,0.94,100800
TBAR,29-Aug-13,27.99,28.04,27.99,28.04,14900
TBF,29-Aug-13,32.71,32.73,32.25,32.32,530300
TBT,29-Aug-13,78.35,78.48,76.22,76.62,3627800
TBX,29-Aug-13,33.97,33.99,33.74,33.84,26800
TCHI,29-Aug-13,25.96,25.96,25.84,25.84,1200
TCX,29-Aug-13,2.37,2.4,2.33,2.39,87000
TDH,29-Aug-13,25.88,26.15,25.88,25.9,500
TDN,29-Aug-13,25.35,25.75,25.35,25.58,4800
TDTF,29-Aug-13,24.89,24.94,24.89,24.91,105800
TDTT,29-Aug-13,24.92,24.97,24.92,24.95,192100
TDX,29-Aug-13,26,26.6,26,26.6,200
TECL,29-Aug-13,61.42,62.9,61.2,62.02,69800
TECS,29-Aug-13,32.73,32.75,31.87,32.34,42900
TENZ,29-Aug-13,81.07,81.19,81.07,81.19,500
TFI,29-Aug-13,22.01,22.16,22.01,22.16,298100
TGB,29-Aug-13,2.1,2.11,2.03,2.08,392600
TGC,29-Aug-13,0.43,0.43,0.4,0.4,192200
TGD,29-Aug-13,1.9,1.99,1.9,1.95,70700
TGEM,29-Aug-13,18.49,18.49,18.26,18.3,6000
TGR,29-Aug-13,31.9,32.04,31.9,32.04,4100
THD,29-Aug-13,66.9,68.12,66.87,67,402000
THHY,29-Aug-13,24.85,24.85,24.54,24.59,63000
THM,29-Aug-13,0.61,0.62,0.56,0.6,285200
THRK,29-Aug-13,124.16,124.19,124.16,124.19,300
TILT,29-Aug-13,71.53,71.56,71.15,71.2,12600
TIP,29-Aug-13,110.83,111.31,110.78,111.08,661000
TIPZ,29-Aug-13,55.8,56,55.8,55.95,6800
TIS,29-Aug-13,27.82,28.25,27.58,28.18,51600
TLH,29-Aug-13,123.05,123.9,123.02,123.81,20900
TLO,29-Aug-13,61.51,62.22,61.42,62.17,2300
TLR,29-Aug-13,0.29,0.3,0.29,0.29,108200
TLT,29-Aug-13,104.88,106.31,104.79,106.11,6672400
TLTD,29-Aug-13,56.62,56.62,56.53,56.56,44100
TLTE,29-Aug-13,46.96,47.25,46.96,47.23,27800
TMF,29-Aug-13,46.39,48.33,46.26,48.09,142800
TMP,29-Aug-13,43.43,44.13,43.29,44.01,20100
TMV,29-Aug-13,72.29,72.41,69.34,69.75,413800
TNA,29-Aug-13,52.92,55.23,52.82,54.71,9606700
TNDQ,29-Aug-13,31.03,31.45,31.03,31.33,2400
TOF,29-Aug-13,2.33,2.42,2.31,2.42,14100
TOK,29-Aug-13,47,47.06,46.83,46.89,2400
TOTS,29-Aug-13,25.88,25.88,25.86,25.86,600
TPI,29-Aug-13,0.65,0.68,0.6,0.68,10000
TPLM,29-Aug-13,6.7,6.85,6.65,6.72,854000
TRND,29-Aug-13,31.93,32.16,31.93,32,54600
TRNM,29-Aug-13,29.1,29.4,29.1,29.3,11900
TRT,29-Aug-13,3.36,3.39,3.17,3.39,500
TRX,29-Aug-13,3.18,3.55,3.13,3.55,852000
TSH,29-Aug-13,44.35,45.57,44.05,44.98,2800
TTFS,29-Aug-13,42.65,42.85,42.65,42.72,9900
TTT,29-Aug-13,93.68,93.97,89.99,90.56,99100
TUR,29-Aug-13,49.23,49.65,48.5,48.57,397700
TUZ,29-Aug-13,50.77,50.79,50.77,50.78,8200
TVIX,29-Aug-13,1.99,2.03,1.91,2.01,11351300
TVIZ,29-Aug-13,5.73,5.87,5.59,5.87,11200
TWM,29-Aug-13,16.36,16.38,15.89,15.98,3166900
TWO.W,29-Aug-13,0.47,0.5,0.39,0.49,10000
TWQ,29-Aug-13,31.57,31.57,31.57,31.57,100
TWTI,29-Aug-13,20.93,20.93,20.93,20.93,100
TXMD,29-Aug-13,2.12,2.18,2.09,2.17,76000
TYBS,29-Aug-13,30.03,30.03,29.51,29.51,2200
TYD,29-Aug-13,35.93,35.93,35.93,35.93,100
TYO,29-Aug-13,26.37,26.38,25.97,25.97,4800
TZA,29-Aug-13,27.32,27.38,26.13,26.43,12326900
TZD,29-Aug-13,33.77,33.77,33.77,33.77,700
TZE,29-Aug-13,35.52,35.52,35.52,35.52,900
TZG,29-Aug-13,36.85,36.99,36.75,36.99,4100
TZI,29-Aug-13,37.81,37.81,37.81,37.81,6200
TZL,29-Aug-13,38.75,38.75,38.75,38.75,700
TZO,29-Aug-13,38.87,39.03,38.76,38.98,4600
TZV,29-Aug-13,39.44,39.73,39.44,39.73,1300
TZW,29-Aug-13,30.83,30.83,30.83,30.83,100
TZY,29-Aug-13,31.06,31.06,31.01,31.01,2700
UAG,29-Aug-13,26.12,26.17,26.06,26.06,8500
UAMY,29-Aug-13,1.09,1.11,1.05,1.08,17300
UBG,29-Aug-13,36.81,36.85,36.81,36.85,7900
UBM,29-Aug-13,17.42,17.42,17.42,17.42,100
UBN,29-Aug-13,16.37,16.37,16.22,16.23,8800
UBR,29-Aug-13,40.67,40.8,40.15,40.15,1300
UBT,29-Aug-13,53.2,53.86,53.2,53.8,32100
UCC,29-Aug-13,56.79,57.73,56.79,57.01,3900
UCD,29-Aug-13,20.15,20.15,20.03,20.03,1100
UCI,29-Aug-13,21.06,21.12,21,21.04,22400
UCO,29-Aug-13,39.29,39.79,38.13,38.32,1128600
UDN,29-Aug-13,26.44,26.46,26.4,26.45,21100
UDNT,29-Aug-13,14.15,14.72,14,14.61,10000
UDOW,29-Aug-13,80.64,82.14,80.27,80.92,119500
UEC,29-Aug-13,2.32,2.39,2.3,2.39,304900
UGA,29-Aug-13,62.88,63.34,61.93,61.98,27900
UGAZ,29-Aug-13,18.01,18.25,16.28,17.82,2174700
UGE,29-Aug-13,65.83,65.83,65.83,65.83,100
UGEM,29-Aug-13,14.59,14.7,14.43,14.45,9500
UGL,29-Aug-13,57.53,57.97,57.09,57.43,130300
UGLD,29-Aug-13,21.76,21.93,21.46,21.65,319300
UHN,29-Aug-13,34.76,34.91,34.35,34.35,900
UJB,29-Aug-13,50.83,51.28,50.83,51.28,10400
UKK,29-Aug-13,77.06,77.19,77.03,77.19,600
ULE,29-Aug-13,24.06,24.19,24,24.13,50600
UMDD,29-Aug-13,66.38,68.2,66.37,67.36,7800
UMX,29-Aug-13,36.72,36.72,35.78,35.93,7700
UNG,29-Aug-13,19.06,19.15,18.44,18.98,8853000
UNL,29-Aug-13,17.48,17.48,17.08,17.42,9400
UOIL,29-Aug-13,53.39,53.39,49.5,49.5,7400
UPG,29-Aug-13,1.73,1.73,1.73,1.73,1100
UPRO,29-Aug-13,65.99,67.82,65.87,66.82,2219700
UPV,29-Aug-13,38.87,39,38.87,38.94,1100
UPW,29-Aug-13,65.12,65.12,65.12,65.12,100
UQM,29-Aug-13,1.27,1.32,1.21,1.28,61400
URA,29-Aug-13,16.7,16.77,16.41,16.51,22600
URE,29-Aug-13,65.39,66.03,64.7,66.03,49800
URG,29-Aug-13,1.04,1.06,1.04,1.05,170300
URR,29-Aug-13,27.25,27.25,27.05,27.18,2900
URTH,29-Aug-13,63.68,64.67,62.18,62.3,5200
URTY,29-Aug-13,59.48,62.05,59.38,61.38,229600
URZ,29-Aug-13,1.1,1.11,1.08,1.1,688500
USCI,29-Aug-13,57.05,57.35,57.05,57.1,14700
USD,29-Aug-13,39.99,40.17,39.72,39.72,16500
USL,29-Aug-13,44.68,44.78,44.04,44.06,17700
USLV,29-Aug-13,9.88,10,9.49,9.65,4833100
USMV,29-Aug-13,32.63,32.82,32.55,32.73,824600
USO,29-Aug-13,39.08,39.33,38.49,38.58,8141700
UST,29-Aug-13,49.95,50.51,49.95,50.42,3800
USV,29-Aug-13,33.92,33.92,32.9,32.93,22700
UTG,29-Aug-13,23.93,24,23.82,23.98,74100
UUP,29-Aug-13,22.15,22.19,22.13,22.16,786100
UUPT,29-Aug-13,19.89,19.89,19.09,19.65,3900
UUU,29-Aug-13,4.66,4.7,4.6,4.6,9600
UVE,29-Aug-13,7.52,7.63,7.49,7.58,190400
UVG,29-Aug-13,49,49,49,49,300
UVT,29-Aug-13,45.2,45.2,45.15,45.15,200
UVU,29-Aug-13,59.46,59.46,59.46,59.46,200
UVXY,29-Aug-13,45.24,45.91,43.2,45.85,6190900
UWM,29-Aug-13,65.01,66.88,64.9,66.38,332400
UWN,29-Aug-13,1.19,1.24,1.16,1.16,59100
UWTI,29-Aug-13,43.21,43.87,41.13,41.29,8000
UXI,29-Aug-13,73.64,76.56,73.64,76.08,1500
UYG,29-Aug-13,92.92,94.64,92.71,93.62,164700
UYM,29-Aug-13,38.12,38.86,38.12,38.43,28300
VAW,29-Aug-13,90.89,91.74,90.86,91.29,29200
VB,29-Aug-13,97.51,98.56,97.43,98.22,171600
VBK,29-Aug-13,108.15,109.52,108.15,109.15,58800
VBR,29-Aug-13,86.33,87.18,86.33,86.83,90700
VCF,29-Aug-13,12.41,12.46,12.31,12.46,35600
VCR,29-Aug-13,93.4,94.54,93.4,94.13,34900
VDC,29-Aug-13,101.15,102.16,101,101.8,56500
VDE,29-Aug-13,117.81,117.81,116.47,116.72,112300
VEA,29-Aug-13,37.21,37.42,37.18,37.28,2381800
VEGA,29-Aug-13,23.86,23.86,23.82,23.84,9000
VEGI,29-Aug-13,24.77,24.79,24.68,24.68,2500
VEU,29-Aug-13,45.65,45.92,45.65,45.7,1148100
VFH,29-Aug-13,39.89,40.24,39.88,40.07,260600
VFL,29-Aug-13,11.46,11.61,11.46,11.6,20000
VGK,29-Aug-13,51.45,51.76,51.43,51.57,3527900
VGT,29-Aug-13,77.72,78.48,77.6,78.17,195200
VGZ,29-Aug-13,0.8,0.89,0.74,0.81,1385000
VHC,29-Aug-13,19.39,19.95,19.37,19.78,276600
VHT,29-Aug-13,89.84,90.94,89.75,90.36,77200
VIG,29-Aug-13,67.31,67.77,67.2,67.44,734400
VII,29-Aug-13,2.57,2.57,2.57,2.57,2100
VIIX,29-Aug-13,9.04,9.11,8.84,9.11,564900
VIIZ,29-Aug-13,27.78,28.21,27.58,28.21,8700
VIOG,29-Aug-13,87.92,88.76,87.92,88.74,800
VIOO,29-Aug-13,85.27,86.49,85.27,85.99,3100
VIOV,29-Aug-13,83.54,84.33,83.54,84.07,900
VIS,29-Aug-13,84.35,85.23,84.35,84.8,33900
VIXH,29-Aug-13,21.16,21.17,21.16,21.17,700
VIXM,29-Aug-13,24.77,25.02,24.38,24.99,152400
VIXY,29-Aug-13,45.03,45.34,43.99,45.34,474300
VKI,29-Aug-13,10.41,10.49,10.35,10.49,88700
VLU,29-Aug-13,72.25,72.25,72.25,72.25,200
VMM,29-Aug-13,12.63,12.64,12.54,12.62,13000
VNM,29-Aug-13,17.11,17.13,17,17.03,191400
VNQ,29-Aug-13,64.77,65.06,64.48,65.05,2334500
VO,29-Aug-13,97.91,98.96,97.91,98.62,133000
VOE,29-Aug-13,70.44,71.03,70.4,70.8,69100
VOO,29-Aug-13,74.89,75.57,74.85,75.18,1846100
VOOG,29-Aug-13,77.24,77.98,77.24,77.64,5700
VOOV,29-Aug-13,73.94,74.24,73.88,73.9,7000
VOT,29-Aug-13,80.89,81.88,80.89,81.62,35800
VOX,29-Aug-13,78.99,79.71,78.99,79.15,15100
VPL,29-Aug-13,56.68,56.91,56.5,56.6,201100
VPU,29-Aug-13,81.73,81.89,81.29,81.5,39100
VQT,29-Aug-13,138.25,139.55,138.25,139.43,36000
VRD,29-Aug-13,29.99,29.99,29.91,29.91,1400
VSB,29-Aug-13,5.51,5.6,5.51,5.6,17300
VSR,29-Aug-13,4.88,5.07,4.88,5,6900
VSS,29-Aug-13,93.66,93.82,93.33,93.45,20500
VT,29-Aug-13,53.04,53.4,53.04,53.12,492600
VTG,29-Aug-13,1.7,1.74,1.7,1.74,560000
VTI,29-Aug-13,84.88,85.68,84.85,85.27,1291200
VTV,29-Aug-13,68.6,69.21,68.6,68.84,586800
VUG,29-Aug-13,80.94,81.76,80.94,81.35,432600
VV,29-Aug-13,75.13,75.79,75.13,75.43,67000
VWO,29-Aug-13,37.54,37.84,37.35,37.41,18987300
VXF,29-Aug-13,72.97,73.86,72.97,73.59,127200
VXX,29-Aug-13,16.73,16.86,16.34,16.86,51637700
VXZ,29-Aug-13,20.27,20.4,19.89,20.33,278500
VYM,29-Aug-13,56.62,57,56.61,56.73,393000
WDIV,29-Aug-13,60.52,60.52,60.35,60.41,700
WDTI,29-Aug-13,41.93,42.08,41.91,41.91,4200
WEAT,29-Aug-13,16.66,16.66,16.5,16.54,1100
WEET,29-Aug-13,48.21,48.21,48.13,48.13,3800
WGA,29-Aug-13,1.9,1.93,1.85,1.85,26000
WIP,29-Aug-13,57.46,57.59,57.46,57.54,47000
WITE,29-Aug-13,44.23,44.39,44.22,44.27,1100
WMCR,29-Aug-13,23.66,23.77,23.63,23.65,9800
WMW,29-Aug-13,17.42,17.65,17.42,17.6,7900
WPS,29-Aug-13,34.95,34.98,34.87,34.88,16000
WREI,29-Aug-13,35.7,35.71,35.69,35.69,1300
WRN,29-Aug-13,0.57,0.64,0.56,0.64,110500
WTT,29-Aug-13,1.74,1.77,1.72,1.77,3100
WYY,29-Aug-13,1.03,1.03,0.9,0.94,1366800
XAR,29-Aug-13,82.56,82.56,82.21,82.21,3000
XBI,29-Aug-13,119.62,121.8,119.38,120.74,236600
XES,29-Aug-13,40.6,40.65,40.25,40.35,21200
XHB,29-Aug-13,28.44,29.2,28.44,28.92,5195600
XHE,29-Aug-13,66.5,66.5,66.24,66.24,700
XHS,29-Aug-13,82.31,83.31,82.31,82.97,6900
XIV,29-Aug-13,23.88,24.42,23.7,23.72,12099600
XLB,29-Aug-13,40.23,40.74,40.18,40.5,4085500
XLE,29-Aug-13,82.31,82.36,81.46,81.6,11411000
XLF,29-Aug-13,19.44,19.66,19.42,19.53,27181900
XLG,29-Aug-13,115.8,116.22,115.55,115.55,6100
XLI,29-Aug-13,44.05,44.52,44.03,44.29,4614300
XLK,29-Aug-13,31.44,31.71,31.4,31.55,4787700
XLP,29-Aug-13,39.08,39.56,39.05,39.39,7454900
XLU,29-Aug-13,37.45,37.5,37.2,37.27,6092900
XLV,29-Aug-13,49.17,49.74,49.01,49.41,4042500
XLY,29-Aug-13,57.65,58.34,57.58,58.04,5096900
XME,29-Aug-13,36.62,36.79,36.1,36.36,2773000
XMLV,29-Aug-13,26.44,26.47,26.38,26.42,34100
XMPT,29-Aug-13,23.15,23.3,23.09,23.3,21600
XOP,29-Aug-13,62.72,62.76,62.18,62.37,3365300
XOVR,29-Aug-13,24.85,25.25,24.85,25.18,2400
XPH,29-Aug-13,74.98,76.11,74.98,75.89,24300
XPL,29-Aug-13,1,1.04,1,1.04,8800
XPP,29-Aug-13,48.7,49.48,48.42,48.53,13600
XRA,29-Aug-13,0.89,0.9,0.86,0.88,264500
XRT,29-Aug-13,77.79,78.68,77.59,78.47,3822100
XSD,29-Aug-13,54.65,55.48,54.65,55.26,5400
XSLV,29-Aug-13,27.81,27.83,27.73,27.73,4800
XSW,29-Aug-13,79.99,80.69,79.99,80.54,700
XTL,29-Aug-13,50.1,50.1,50.05,50.06,300
XTN,29-Aug-13,67.5,68.1,67.47,67.73,1800
XVIX,29-Aug-13,18.39,18.39,18.39,18.39,200
XVZ,29-Aug-13,40.11,40.37,39.87,40.26,12500
YANG,29-Aug-13,30.77,31.27,30.64,31.17,10900
YAO,29-Aug-13,24.51,24.6,24.45,24.45,4700
YCL,29-Aug-13,21.47,21.47,21.39,21.39,1700
YCS,29-Aug-13,62.32,62.62,62.25,62.32,104800
YINN,29-Aug-13,23.7,24.17,23.59,23.69,40300
YMLI,29-Aug-13,20.74,20.74,20.62,20.62,5700
YMLP,29-Aug-13,18.18,18.21,18.15,18.21,61500
YXI,29-Aug-13,37.53,37.62,37.53,37.62,1800
YYY,29-Aug-13,22.36,22.42,22.36,22.42,200
ZBB,29-Aug-13,0.2,0.21,0.2,0.21,235700
ZIV,29-Aug-13,30.79,31.35,30.6,30.71,41800
ZROZ,29-Aug-13,87.6,89.19,87.6,89.14,18700
ZSL,29-Aug-13,65.23,66.52,64.42,65.79,367300
